0,40,40,0.41473,2.9638,0.44705,0.60651,-0.0013172
0.1,40.197,39.963,0.10269,2.9021,0.44911,0.61743,-0.0013233
0.2,40.393,39.926,0.47815,2.917,-0.54038,-0.14889,0.63381
0.3,40.59,39.889,0.14127,2.8544,0.48486,0.62589,-0.65671
0.4,40.786,39.852,0.46542,2.7693,-0.46653,0.85057,0.6094
0.5,40.983,39.815,0.17355,2.7451,0.42007,0.24177,-0.5679
0.6,41.179,39.778,0.49903,2.8326,-0.46845,-0.87482,0.56913
0.7,41.376,39.742,0.11826,2.901,0.54802,-0.68387,-0.65109
0.8,41.573,39.705,0.25312,2.8536,-0.1941,0.47374,0.47536
0.9,41.769,39.668,0.056068,2.8329,0.28361,0.20706,-0.306
1,41.966,39.631,0.43236,2.8646,-0.54157,-0.31638,0.52857
1.1,42.162,39.594,0.40917,2.9505,0.033376,-0.85916,-0.36828
1.2,42.359,39.557,0.14335,2.9583,0.38258,-0.078624,-0.22368
1.3,42.555,39.52,0.056181,2.8903,0.12546,0.67999,0.1647
1.4,42.752,39.483,0.34172,2.8741,-0.41096,0.16252,0.3436
1.5,42.948,39.446,0.48836,2.9538,-0.21105,-0.79712,-0.12805
1.6,43.145,39.409,0.12063,2.9389,0.52925,0.14883,-0.47419
1.7,43.342,39.372,0.52711,2.966,-0.58504,-0.27032,0.71375
1.8,43.538,39.335,0.40466,2.8785,0.17625,0.87484,-0.48763
1.9,43.735,39.299,0.4338,2.7936,-0.041937,0.84854,0.13975
2,43.931,39.262,0.0043529,2.751,0.61808,0.42662,-0.42277
2.1,44.128,39.225,0.48507,2.808,-0.69187,-0.57037,0.83907
2.2,44.324,39.188,0.40843,2.8683,0.1103,-0.60273,-0.51382
2.3,44.521,39.151,0.0026176,2.8585,0.58407,0.097243,-0.30347
2.4,44.718,39.114,0.36616,2.9208,-0.52322,-0.62254,0.70926
2.5,44.914,39.077,0.27961,2.879,0.12457,0.41753,-0.41494
2.6,45.111,39.04,0.29974,2.8519,-0.028978,0.27181,0.098352
2.7,45.307,39.003,0.37257,2.8293,-0.10482,0.22536,0.048578
2.8,45.504,38.966,0.48992,2.7405,-0.1689,0.88841,0.041045
2.9,45.7,38.929,0.21829,2.7324,0.39094,0.080547,-0.3586
3,45.897,38.892,0.50502,2.6937,-0.41268,0.38772,0.51475
3.1,46.093,38.856,0.076206,2.7368,0.61717,-0.43178,-0.65966
3.2,46.29,38.819,0.23746,2.7582,-0.23209,-0.21403,0.54399
3.3,46.487,38.782,0.019965,2.8507,0.31303,-0.92487,-0.34917
3.4,46.683,38.745,0.10442,2.8964,-0.12155,-0.45632,0.27837
3.5,46.88,38.708,0.033995,2.8191,0.10136,0.77274,-0.14279
3.6,47.076,38.671,0.32104,2.904,-0.41314,-0.84954,0.32956
3.7,47.273,38.634,0.17915,2.9193,0.20423,-0.15249,-0.39545
3.8,47.469,38.597,0.48024,2.8248,-0.43336,0.94468,0.4084
3.9,47.666,38.56,0.45931,2.8399,0.030128,-0.15085,-0.29688
4,47.863,38.523,0.019242,2.8196,0.63337,0.20331,-0.3864
4.1,48.059,38.486,0.04959,2.7961,-0.043679,0.23516,0.43368
4.2,48.256,38.449,0.26229,2.7257,-0.30613,0.70314,0.16811
4.3,48.452,38.412,0.081085,2.7361,0.2608,-0.10404,-0.36314
4.4,48.649,38.376,0.18134,2.7786,-0.14429,-0.42465,0.25948
4.5,48.845,38.339,0.0061017,2.7441,0.25221,0.34556,-0.25398
4.6,49.042,38.302,0.43948,2.6828,-0.62374,0.61274,0.56108
4.7,49.238,38.265,0.41739,2.6961,0.031788,-0.13314,-0.41989
4.8,49.435,38.228,0.065262,2.6966,0.5068,-0.0046535,-0.30427
4.9,49.632,38.191,0.37953,2.6288,-0.4523,0.67724,0.61435
5,49.828,38.154,0.10078,2.6431,0.40118,-0.14234,-0.54669
5.1,50.025,38.117,0.051049,2.7226,0.071581,-0.79571,0.21112
5.2,50.221,38.08,0.33073,2.7564,-0.40253,-0.33729,0.30369
5.3,50.418,38.043,0.2543,2.6598,0.11,0.96541,-0.32829
5.4,50.614,38.006,0.014663,2.6088,0.3449,0.50979,-0.15047
5.5,50.811,37.969,0.29524,2.5194,-0.40382,0.89406,0.47958
5.6,51.008,37.933,0.35682,2.6041,-0.088635,-0.8464,-0.20189
5.7,51.204,37.896,0.038983,2.5413,0.45745,0.62808,-0.34979
5.8,51.401,37.859,0.023349,2.6335,0.022501,-0.92272,0.2786
5.9,51.597,37.822,0.1936,2.6901,-0.24503,-0.5652,0.17137
6,51.794,37.785,0.32263,2.7627,-0.18571,-0.72651,-0.037998
6.1,51.99,37.748,0.33226,2.8193,-0.01385,-0.56632,-0.11008
6.2,52.187,37.711,0.18672,2.8275,0.20947,-0.081119,-0.14304
6.3,52.383,37.674,0.20725,2.8367,-0.02956,-0.092573,0.15311
6.4,52.58,37.637,0.39567,2.7894,-0.27118,0.47288,0.15477
6.5,52.777,37.6,0.25074,2.7463,0.20859,0.43166,-0.30731
6.6,52.973,37.563,0.40829,2.6803,-0.22674,0.65988,0.27885
6.7,53.17,37.526,0.19485,2.7259,0.3072,-0.45593,-0.34201
6.8,53.366,37.49,0.15993,2.6376,0.050253,0.88223,0.16458
6.9,53.563,37.453,0.20798,2.5904,-0.06916,0.47249,0.076489
7,53.759,37.416,0.08389,2.5954,0.1786,-0.050244,-0.1587
7.1,53.956,37.379,0.10099,2.6222,-0.024617,-0.26734,0.13017
7.2,54.153,37.342,0.3204,2.7027,-0.31578,-0.80581,0.1865
7.3,54.349,37.305,0.35188,2.7185,-0.045311,-0.15726,-0.17325
7.4,54.546,37.268,0.28519,2.7498,0.095985,-0.31288,-0.090505
7.5,54.742,37.231,0.048669,2.7689,0.34042,-0.19126,-0.15657
7.6,54.939,37.194,0.3049,2.6719,-0.36878,0.96982,0.45427
7.7,55.135,37.157,0.17751,2.5951,0.18335,0.76812,-0.35366
7.8,55.332,37.12,0.32791,2.6346,-0.21648,-0.39509,0.25611
7.9,55.528,37.083,0.2752,2.6066,0.075864,0.28032,-0.18725
8,55.725,37.046,0.0090189,2.6157,0.38311,-0.091779,-0.1968
8.1,55.922,37.01,0.2223,2.6663,-0.30697,-0.5057,0.44202
8.2,56.118,36.973,0.26428,2.609,-0.060414,0.57348,-0.15793
8.3,56.315,36.936,0.070509,2.6007,0.27888,0.082425,-0.21733
8.4,56.511,36.899,0.26767,2.5797,-0.28376,0.21013,0.3604
8.5,56.708,36.862,0.11434,2.6536,0.22067,-0.73853,-0.32311
8.6,56.904,36.825,0.025002,2.6601,0.12859,-0.065562,0.058983
8.7,57.101,36.788,0.035293,2.6717,-0.014811,-0.11603,0.091851
8.8,57.298,36.751,0.1193,2.7145,-0.12091,-0.42827,0.06796
8.9,57.494,36.714,0.25062,2.7517,-0.189,-0.37175,0.043615
9,57.691,36.677,0.23259,2.8439,0.025949,-0.92203,-0.13768
9.1,57.887,36.64,0.18045,2.855,0.075042,-0.11079,-0.031446
9.2,58.084,36.603,0.067361,2.815,0.16276,0.39988,-0.056188
9.3,58.28,36.567,0.046873,2.7245,0.029487,0.90516,0.085368
9.4,58.477,36.53,0.24833,2.6787,-0.28995,0.45754,0.20461
9.5,58.673,36.493,0.18217,2.7312,0.095229,-0.52476,-0.24672
9.6,58.87,36.456,0.11215,2.6929,0.10077,0.38338,-0.0035507
9.7,59.067,36.419,0.18099,2.7156,-0.099076,-0.22747,0.12801
9.8,59.263,36.382,0.20633,2.6656,-0.036478,0.49991,-0.040097
9.9,59.46,36.345,0.062812,2.5866,0.20656,0.7902,-0.15568
10,59.656,36.308,0.088653,2.6123,-0.037192,-0.25701,0.15614
10.1,59.777,36.468,0.090014,2.619,-0.0019593,-0.066623,-0.022568
10.2,59.898,36.627,0.20541,2.6191,-0.16608,-0.0015302,0.10513
10.3,60.018,36.786,0.039455,2.6541,0.23885,-0.34923,-0.25938
10.4,60.139,36.946,0.21638,2.6845,-0.25464,-0.30439,0.3161
10.5,60.26,37.105,0.19411,2.7226,0.032062,-0.38098,-0.18365
10.6,60.381,37.265,0.039497,2.758,0.22252,-0.35378,-0.122
10.7,60.501,37.424,0.11929,2.7502,-0.11484,0.077677,0.21609
10.8,60.622,37.584,0.027581,2.7433,0.13199,0.068706,-0.1581
10.9,60.743,37.743,0.17548,2.7656,-0.21287,-0.22298,0.22089
11,60.864,37.903,0.20707,2.7444,-0.045457,0.2121,-0.10723
11.1,60.984,38.062,0.19954,2.7452,0.010831,-0.008283,-0.036054
11.2,61.105,38.221,0.21501,2.7355,-0.022262,0.097519,0.021197
11.3,61.226,38.381,0.2041,2.6913,0.015693,0.44223,-0.024312
11.4,61.347,38.54,0.12883,2.6623,0.10833,0.29022,-0.05934
11.5,61.467,38.7,0.0010451,2.6542,0.18392,0.081006,-0.048416
11.6,61.588,38.859,0.23771,2.6492,-0.34063,0.049385,0.33599
11.7,61.709,39.019,0.20307,2.621,0.049868,0.28225,-0.25013
11.8,61.83,39.178,0.11712,2.6145,0.12369,0.065159,-0.047288
11.9,61.95,39.338,0.017108,2.5815,0.14395,0.32978,-0.012974
12,62.071,39.497,0.011899,2.5659,0.0074963,0.15552,0.087402
12.1,62.192,39.656,0.18,2.5551,-0.24194,0.10879,0.15977
12.2,62.312,39.816,0.043238,2.614,0.19683,-0.58959,-0.28105
12.3,62.433,39.975,0.026151,2.6677,0.024592,-0.53637,0.11033
12.4,62.554,40.135,0.23699,2.6706,-0.30345,-0.029899,0.21013
12.5,62.675,40.294,0.22921,2.7076,0.011204,-0.36938,-0.20155
12.6,62.795,40.454,0.16132,2.6635,0.097704,0.44118,-0.055406
12.7,62.916,40.613,0.046273,2.6193,0.16558,0.44182,-0.043479
12.8,63.037,40.773,0.22006,2.5977,-0.25013,0.21631,0.26628
12.9,63.158,40.932,0.2123,2.5901,0.011174,0.075417,-0.16737
13,63.278,41.092,0.12964,2.5379,0.11896,0.52236,-0.069044
13.1,63.399,41.251,0.073695,2.5942,0.080522,-0.56335,0.024624
13.2,63.52,41.41,0.24121,2.6482,-0.2411,-0.53959,0.20601
13.3,63.641,41.57,0.0064015,2.703,0.33795,-0.54802,-0.3709
13.4,63.761,41.729,0.23933,2.7195,-0.33525,-0.16543,0.43121
13.5,63.882,41.889,0.0039893,2.7584,0.33872,-0.38873,-0.4317
13.6,64.003,42.048,0.24027,2.7607,-0.34007,-0.022903,0.43479
13.7,64.123,42.208,0.051187,2.7148,0.27214,0.45895,-0.39215
13.8,64.244,42.367,0.037903,2.7721,0.019119,-0.57297,0.16207
13.9,64.365,42.527,0.042297,2.8213,-0.0063237,-0.49235,0.016297
14,64.486,42.686,0.046504,2.8575,-0.0060548,-0.3618,-0.00017224
14.1,64.606,42.845,0.058738,2.8873,-0.017609,-0.29752,0.0074008
14.2,64.727,43.005,0.16303,2.8277,-0.1501,0.59534,0.084863
14.3,64.848,43.164,0.1699,2.8778,-0.0098957,-0.50074,-0.089804
14.4,64.969,43.324,0.038527,2.8974,0.18908,-0.19593,-0.12745
14.5,65.089,43.483,0.18467,2.8617,-0.21034,0.35711,0.25584
14.6,65.21,43.643,0.059418,2.8318,0.18027,0.29877,-0.2502
14.7,65.331,43.802,0.13935,2.8189,-0.11504,0.12906,0.18916
14.8,65.452,43.962,0.21238,2.7612,-0.1051,0.57731,-0.0063672
14.9,65.572,44.121,0.1259,2.7934,0.12446,-0.32192,-0.14704
15,65.693,44.28,0.15455,2.7338,-0.041225,0.59532,0.10613
15.1,65.814,44.44,0.090545,2.7012,0.092114,0.32648,-0.085409
15.2,65.934,44.599,0.020789,2.7077,0.1004,-0.06571,-0.0053054
15.3,66.055,44.759,0.24477,2.6773,-0.32237,0.30439,0.2708
15.4,66.176,44.918,0.044418,2.7115,0.28836,-0.34226,-0.39119
15.5,66.297,45.078,0.15652,2.731,-0.16134,-0.19463,0.28805
15.6,66.417,45.237,0.049574,2.7206,0.15392,0.10357,-0.20194
15.7,66.538,45.397,0.17308,2.7652,-0.17775,-0.446,0.21245
15.8,66.659,45.556,0.23874,2.7312,-0.094505,0.34042,-0.053321
15.9,66.78,45.715,0.2037,2.6791,0.05043,0.52092,-0.092837
16,66.9,45.875,0.17972,2.6907,0.034513,-0.11555,0.010195
16.1,67.021,46.034,0.19465,2.7392,-0.021489,-0.48533,0.035872
16.2,67.142,46.194,0.1801,2.781,0.020946,-0.41792,-0.027182
16.3,67.263,46.353,0.23164,2.8131,-0.074178,-0.32119,0.060931
16.4,67.383,46.513,0.14325,2.8259,0.12721,-0.1282,-0.129
16.5,67.504,46.672,0.043948,2.8004,0.14292,0.25567,-0.010058
16.6,67.625,46.832,0.10216,2.8313,-0.083787,-0.30917,0.14521
16.7,67.745,46.991,0.040911,2.8829,0.088158,-0.51612,-0.11014
16.8,67.866,47.15,0.22301,2.8622,-0.26208,0.2069,0.22434
16.9,67.987,47.31,0.22922,2.8435,-0.0089407,0.18713,-0.16215
17,68.108,47.469,0.28677,2.8133,-0.082821,0.30174,0.047323
17.1,68.228,47.629,0.00064504,2.795,0.4118,0.18276,-0.31682
17.2,68.349,47.788,0.091994,2.8303,-0.13147,-0.35304,0.34799
17.3,68.47,47.948,0.038986,2.8526,0.076291,-0.2224,-0.13308
17.4,68.591,48.107,0.25696,2.8725,-0.31372,-0.19952,0.24982
17.5,68.711,48.267,0.17786,2.8314,0.11384,0.41162,-0.27387
17.6,68.832,48.426,0.18182,2.8072,-0.0056888,0.24173,0.076566
17.7,68.953,48.586,0.1401,2.8141,0.060035,-0.069426,-0.042099
17.8,69.074,48.745,0.018742,2.7956,0.17467,0.18536,-0.073427
17.9,69.194,48.904,0.29764,2.8041,-0.40141,-0.084748,0.369
18,69.315,49.064,0.16573,2.8622,0.18985,-0.58105,-0.37872
18.1,69.436,49.223,0.25683,2.802,-0.13112,0.60208,0.20559
18.2,69.556,49.383,0.10075,2.8555,0.22464,-0.53573,-0.22787
18.3,69.677,49.542,0.073072,2.8462,0.039841,0.093487,0.11837
18.4,69.798,49.702,0.23913,2.8808,-0.239,-0.3465,0.17861
18.5,69.919,49.861,0.063565,2.8768,0.25268,0.040537,-0.31494
18.6,70.039,50.021,0.058609,2.9325,0.007133,-0.55682,0.15729
18.7,70.16,50.18,0.064315,2.9637,-0.0082128,-0.31179,0.0098296
18.8,70.281,50.339,0.29388,2.9927,-0.3304,-0.29028,0.20638
18.9,70.402,50.499,0.0080809,3.031,0.41134,-0.38354,-0.47511
19,70.522,50.658,0.17387,3.0636,-0.23861,-0.32544,0.41632
19.1,70.643,50.818,0.031333,3.0121,0.20515,0.51469,-0.28425
19.2,70.764,50.977,0.33571,2.9618,-0.43808,0.50273,0.41201
19.3,70.885,51.137,0.085145,2.9283,0.36063,0.33537,-0.5116
19.4,71.005,51.296,0.35783,2.9791,-0.39247,-0.50838,0.48239
19.5,71.126,51.456,0.2082,2.9384,0.21536,0.40693,-0.38934
19.6,71.247,51.615,0.3835,2.9665,-0.2523,-0.28068,0.29956
19.7,71.368,51.774,0.30323,2.9377,0.11553,0.28856,-0.23562
19.8,71.488,51.934,0.20341,2.9381,0.14367,-0.0045112,-0.018024
19.9,71.609,52.093,0.3062,2.9725,-0.14794,-0.34407,0.18679
20,71.73,52.253,0.16564,2.9507,0.2023,0.21808,-0.22434
20.1,71.835,52.301,0.33615,2.9302,-0.24541,0.20465,0.28677
20.2,71.939,52.349,0.14851,2.964,0.27007,-0.33729,-0.33018
20.3,72.044,52.397,0.2089,2.9511,-0.086924,0.12857,0.22867
20.4,72.149,52.445,0.16368,2.9581,0.065093,-0.069489,-0.097373
20.5,72.254,52.494,0.22088,2.9885,-0.082334,-0.30401,0.094433
20.6,72.359,52.542,0.18963,3.0027,0.044978,-0.14257,-0.081549
20.7,72.464,52.59,0.070828,2.9654,0.17099,0.37322,-0.080714
20.8,72.569,52.638,0.29018,2.989,-0.31571,-0.23592,0.31175
20.9,72.674,52.686,0.28939,2.9399,0.0011455,0.49119,-0.20296
21,72.779,52.734,0.34359,2.9066,-0.078016,0.33306,0.050706
21.1,72.883,52.782,0.19163,2.862,0.21871,0.44607,-0.19007
21.2,72.988,52.831,0.20759,2.819,-0.022972,0.42941,0.15481
21.3,73.093,52.879,0.25075,2.8335,-0.06211,-0.14488,0.02507
21.4,73.198,52.927,0.39021,2.8799,-0.20072,-0.46414,0.088784
21.5,73.303,52.975,0.12389,2.9292,0.3833,-0.49326,-0.37409
21.6,73.408,53.023,0.036971,2.9698,0.12509,-0.40548,0.16539
21.7,73.513,53.071,0.096715,2.9299,-0.085986,0.39891,0.13521
21.8,73.618,53.12,0.30969,2.9065,-0.30652,0.23428,0.14126
21.9,73.723,53.168,0.32984,2.9067,-0.02901,-0.0019583,-0.17776
22,73.827,53.216,0.27653,2.9375,0.076736,-0.30803,-0.067734
22.1,73.932,53.264,0.20302,2.9698,0.1058,-0.32355,-0.018615
22.2,74.037,53.312,0.44346,2.9743,-0.34605,-0.044662,0.28943
22.3,74.142,53.36,0.15603,2.9759,0.41367,-0.016445,-0.48663
22.4,74.247,53.409,0.26664,2.9963,-0.15919,-0.20406,0.36694
22.5,74.352,53.457,0.42647,2.9582,-0.23004,0.38158,0.045379
22.6,74.457,53.505,0.28286,2.9088,0.20669,0.49392,-0.27974
22.7,74.562,53.553,0.3001,2.9222,-0.024811,-0.13373,0.14829
22.8,74.666,53.601,0.46833,2.8751,-0.24213,0.47056,0.1392
22.9,74.771,53.649,0.30104,2.8364,0.24078,0.38739,-0.30932
23,74.876,53.697,0.26546,2.8663,0.05121,-0.29915,0.12143
23.1,74.981,53.746,0.26372,2.8637,0.0024975,0.025534,0.031202
23.2,75.086,53.794,0.36515,2.8565,-0.14598,0.072175,0.095105
23.3,75.191,53.842,0.34205,2.8226,0.033247,0.33966,-0.1148
23.4,75.296,53.89,0.11083,2.7982,0.33278,0.244,-0.19186
23.5,75.401,53.938,0.12227,2.8327,-0.016473,-0.34519,0.22371
23.6,75.506,53.986,0.10595,2.8364,0.023492,-0.037603,-0.025599
23.7,75.61,54.035,0.042163,2.8536,0.091807,-0.17203,-0.043759
23.8,75.715,54.083,0.19761,2.819,-0.22372,0.34583,0.20211
23.9,75.82,54.131,0.35149,2.7952,-0.22148,0.23842,-0.0014338
24,75.925,54.179,0.052747,2.7784,0.42997,0.1684,-0.41728
24.1,76.03,54.227,0.32592,2.8021,-0.39317,-0.2369,0.52725
24.2,76.135,54.275,0.47211,2.7802,-0.2104,0.21814,-0.11707
24.3,76.24,54.323,0.036337,2.8227,0.62719,-0.4245,-0.53651
24.4,76.345,54.372,0.31368,2.8602,-0.39916,-0.37537,0.65742
24.5,76.45,54.42,0.22058,2.8309,0.13398,0.29321,-0.3415
24.6,76.554,54.468,0.462,2.8622,-0.34746,-0.31262,0.30838
24.7,76.659,54.516,0.31228,2.8778,0.21549,-0.1559,-0.36059
24.8,76.764,54.564,0.49055,2.8846,-0.25657,-0.068424,0.30237
24.9,76.869,54.612,0.063396,2.9117,0.61478,-0.27113,-0.55813
25,76.974,54.661,0.31398,2.8732,-0.36065,0.38508,0.6248
25.1,77.079,54.709,0.52581,2.8683,-0.30488,0.049024,-0.035729
25.2,77.184,54.757,0.49685,2.8566,0.041683,0.11738,-0.22199
25.3,77.289,54.805,0.28927,2.8848,0.29876,-0.2819,-0.16467
25.4,77.393,54.853,0.47868,2.8851,-0.27261,-0.0036221,0.36598
25.5,77.498,54.901,0.13519,2.8841,0.49437,0.0098816,-0.49128
25.6,77.603,54.949,0.25114,2.936,-0.16688,-0.51908,0.42356
25.7,77.708,54.998,0.012867,2.9335,0.34294,0.025003,-0.32656
25.8,77.813,55.046,0.10681,2.9826,-0.13521,-0.49051,0.30627
25.9,77.918,55.094,0.16649,2.9818,-0.085893,0.007854,-0.031588
26,78.023,55.142,0.1532,3.0029,0.019126,-0.21123,-0.067269
26.1,78.128,55.19,0.20528,3.0323,-0.074962,-0.29362,0.060267
26.2,78.233,55.238,0.12846,3.0098,0.11056,0.22498,-0.11884
26.3,78.337,55.287,0.58168,2.9843,-0.65228,0.25509,0.48863
26.4,78.442,55.335,0.36401,3.0211,0.31327,-0.36784,-0.61848
26.5,78.547,55.383,0.25372,3.0629,0.15874,-0.41789,0.098986
26.6,78.652,55.431,0.067457,3.1077,0.26808,-0.44889,-0.070041
26.7,78.757,55.479,0.24319,3.0908,-0.25293,0.16967,0.33373
26.8,78.862,55.527,0.24763,3.1018,-0.0063896,-0.11046,-0.15792
26.9,78.967,55.575,0.2627,3.1514,-0.021686,-0.49569,0.0097979
27,79.072,55.624,0.039675,3.1386,0.32099,0.12843,-0.2195
27.1,79.177,55.672,0.62744,3.1718,-0.84595,-0.33267,0.74747
27.2,79.281,55.72,0.1406,3.155,0.7007,0.16812,-0.99069
27.3,79.386,55.768,0.51445,3.1087,-0.53806,0.46346,0.79348
27.4,79.491,55.816,0.62179,3.0727,-0.1545,0.36007,-0.24569
27.5,79.596,55.864,0.21407,3.0988,0.58681,-0.26112,-0.47484
27.6,79.701,55.913,0.11211,3.0863,0.14675,0.12513,0.28187
27.7,79.806,55.961,0.54162,3.1243,-0.61818,-0.38087,0.48997
27.8,79.911,56.009,0.25324,3.1358,0.41506,-0.11438,-0.66184
27.9,80.016,56.057,0.10188,3.1408,0.21784,-0.050026,0.12633
28,80.12,56.105,0.34952,3.1585,-0.35642,-0.17735,0.36783
28.1,80.225,56.153,0.57454,3.1519,-0.32385,0.065788,-0.020861
28.2,80.33,56.201,0.51221,3.1255,0.089707,0.26464,-0.2649
28.3,80.435,56.25,0.46848,3.1288,0.062939,-0.0337,0.017146
28.4,80.54,56.298,0.46081,3.1761,0.011036,-0.47255,0.033246
28.5,80.645,56.346,0.4518,3.1576,0.012973,0.18482,-0.0012409
28.6,80.75,56.394,0.64986,3.1193,-0.28507,0.3831,0.19091
28.7,80.855,56.442,0.09674,3.088,0.79608,0.31299,-0.69252
28.8,80.96,56.49,0.26163,3.0462,-0.23732,0.41827,0.66194
28.9,81.064,56.539,0.43885,3.0129,-0.25505,0.33278,0.011358
29,81.169,56.587,0.24006,3.0114,0.28611,0.014784,-0.34664
29.1,81.274,56.635,0.39468,3.0324,-0.22255,-0.20941,0.32581
29.2,81.379,56.683,0.23793,2.9938,0.2256,0.38592,-0.28706
29.3,81.484,56.731,0.019795,2.9701,0.31395,0.23711,-0.056591
29.4,81.589,56.779,0.47238,2.976,-0.65139,-0.059706,0.61834
29.5,81.694,56.828,0.15186,2.9316,0.46132,0.44446,-0.71273
29.6,81.799,56.876,0.41184,2.9169,-0.37418,0.14693,0.53517
29.7,81.904,56.924,0.38295,2.9517,0.041577,-0.34847,-0.26631
29.8,82.008,56.972,0.1291,2.9449,0.36536,0.068545,-0.2074
29.9,82.113,57.02,0.43151,2.9089,-0.43526,0.36016,0.51283
30,82.218,57.068,0.40465,2.9336,0.038671,-0.2474,-0.30357
30.1,82.322,56.99,0.13934,2.8945,0.38184,0.39061,-0.21981
30.2,82.426,56.912,0.44454,2.9452,-0.43926,-0.50693,0.52595
30.3,82.529,56.834,0.45123,2.9271,-0.009632,0.18113,-0.27519
30.4,82.633,56.756,0.76151,2.9367,-0.44657,-0.095459,0.27988
30.5,82.737,56.678,0.72112,2.951,0.058131,-0.1437,-0.32328
30.6,82.84,56.6,0.68154,2.9285,0.056967,0.22509,0.00074534
30.7,82.944,56.522,0.13951,2.8771,0.78013,0.51464,-0.46321
30.8,83.048,56.444,0.56512,2.8923,-0.61256,-0.15189,0.89207
30.9,83.151,56.366,0.78391,2.8601,-0.3149,0.32154,-0.19066
31,83.255,56.288,0.15905,2.8471,0.89933,0.13045,-0.77776
31.1,83.359,56.21,0.60138,2.8747,-0.63661,-0.27605,0.98383
31.2,83.462,56.132,0.19509,2.9076,0.58474,-0.32904,-0.78233
31.3,83.566,56.054,0.1434,2.9232,0.0744,-0.15629,0.3269
31.4,83.67,55.976,0.13651,2.9112,0.0099157,0.12038,0.041305
31.5,83.773,55.898,0.69539,2.8905,-0.80437,0.20636,0.52158
31.6,83.877,55.82,0.74764,2.9244,-0.075197,-0.33889,-0.46707
31.7,83.981,55.742,0.46116,2.8885,0.41231,0.35907,-0.31227
31.8,84.084,55.663,0.51511,2.8446,-0.077648,0.43863,0.31384
31.9,84.188,55.585,0.44285,2.8118,0.104,0.3283,-0.11635
32,84.292,55.507,0.78033,2.8206,-0.48572,-0.088228,0.37774
32.1,84.395,55.429,0.56567,2.8067,0.30895,0.13956,-0.50902
32.2,84.499,55.351,0.46504,2.8369,0.14484,-0.30213,0.10512
32.3,84.603,55.273,0.37883,2.793,0.12407,0.43913,0.013305
32.4,84.706,55.195,0.70473,2.7736,-0.46904,0.19385,0.37991
32.5,84.81,55.117,0.31416,2.822,0.56212,-0.48373,-0.6605
32.6,84.914,55.039,0.30408,2.8379,0.01452,-0.15909,0.35076
32.7,85.017,54.961,0.69651,2.8355,-0.56481,0.023706,0.37108
32.8,85.121,54.883,0.67344,2.8609,0.033194,-0.25418,-0.38304
32.9,85.225,54.805,0.69825,2.8266,-0.035699,0.34329,0.044129
33,85.328,54.727,0.19613,2.804,0.72267,0.22606,-0.48576
33.1,85.432,54.649,0.64333,2.8486,-0.64363,-0.44576,0.87517
33.2,85.536,54.571,0.295,2.8274,0.50134,0.21119,-0.7334
33.3,85.639,54.493,0.41075,2.845,-0.16659,-0.17526,0.42784
33.4,85.743,54.415,0.66461,2.8267,-0.36538,0.1823,0.12733
33.5,85.847,54.337,0.14362,2.8577,0.74984,-0.30913,-0.71434
33.6,85.951,54.259,0.30591,2.897,-0.23358,-0.39396,0.62992
33.7,86.054,54.181,0.29142,2.8474,0.020865,0.4963,-0.16298
33.8,86.158,54.103,0.50698,2.8756,-0.31025,-0.28218,0.21209
33.9,86.262,54.025,0.57094,2.9029,-0.092052,-0.27264,-0.13976
34,86.365,53.947,0.52326,2.879,0.068621,0.23901,-0.10292
34.1,86.469,53.868,0.18193,2.8759,0.49125,0.030566,-0.27071
34.2,86.573,53.79,0.54775,2.9192,-0.5265,-0.43246,0.65191
34.3,86.676,53.712,0.35615,2.8983,0.27577,0.20929,-0.51389
34.4,86.78,53.634,0.58261,2.8552,-0.32594,0.43044,0.38542
34.5,86.884,53.556,0.72067,2.8304,-0.1987,0.24825,-0.081504
34.6,86.987,53.478,0.6816,2.839,0.056229,-0.086319,-0.16329
34.7,87.091,53.4,0.32988,2.8365,0.50621,0.02534,-0.28823
34.8,87.195,53.322,0.27242,2.8621,0.082697,-0.25597,0.27128
34.9,87.298,53.244,0.47211,2.8304,-0.28739,0.31679,0.23706
35,87.402,53.166,0.10568,2.8599,0.52738,-0.29518,-0.5219
35.1,87.506,53.088,0.17142,2.8648,-0.094616,-0.048791,0.39842
35.2,87.609,53.01,0.77426,2.8352,-0.86765,0.29627,0.49516
35.3,87.713,52.932,0.22218,2.8767,0.79458,-0.41572,-1.0647
35.4,87.817,52.854,0.11302,2.9198,0.15711,-0.43037,0.40832
35.5,87.92,52.776,0.4266,2.9468,-0.45132,-0.27031,0.38973
35.6,88.024,52.698,0.072035,2.9457,0.51031,0.011364,-0.61596
35.7,88.128,52.62,0.82222,2.9799,-1.0797,-0.34219,1.0185
35.8,88.231,52.542,0.78547,3.0127,0.052885,-0.32834,-0.72547
35.9,88.335,52.464,0.61905,3.0238,0.23952,-0.11027,-0.11955
36,88.439,52.386,0.26757,2.9977,0.50587,0.26091,-0.17061
36.1,88.542,52.308,0.34499,3.0478,-0.11142,-0.50127,0.3954
36.2,88.646,52.23,0.65393,3.0072,-0.44464,0.40598,0.21344
36.3,88.75,52.151,0.82022,3.0224,-0.23935,-0.1516,-0.1315
36.4,88.853,52.073,0.7577,2.9826,0.089994,0.39777,-0.21096
36.5,88.957,51.995,0.46797,2.9524,0.41699,0.3018,-0.20945
36.6,89.061,51.917,0.076555,2.9994,0.56334,-0.47051,-0.093747
36.7,89.164,51.839,0.2983,3.0036,-0.31914,-0.041693,0.56527
36.8,89.268,51.761,0.33294,2.9958,-0.049861,0.078252,-0.17248
36.9,89.372,51.683,0.2092,2.9482,0.17809,0.4764,-0.14601
37,89.476,51.605,0.85421,2.9722,-0.92834,-0.24039,0.70872
37.1,89.579,51.527,0.37205,2.9454,0.69396,0.26823,-1.0391
37.2,89.683,51.449,0.15959,2.9009,0.30578,0.44509,0.24864
37.3,89.787,51.371,0.31829,2.8959,-0.22842,0.049524,0.34218
37.4,89.89,51.293,0.54855,2.9378,-0.3314,-0.4187,0.065966
37.5,89.994,51.215,0.43387,2.9618,0.16506,-0.23978,-0.31801
37.6,90.098,51.137,0.6655,2.9192,-0.33337,0.42566,0.31927
37.7,90.201,51.059,0.69136,2.9518,-0.037221,-0.32614,-0.1897
37.8,90.305,50.981,0.046718,2.9842,0.9278,-0.32371,-0.61813
37.9,90.409,50.903,0.7325,2.9943,-0.98701,-0.10143,1.2265
38,90.512,50.825,0.48564,2.9524,0.35529,0.41903,-0.8598
38.1,90.616,50.747,0.36408,2.9121,0.17496,0.40266,0.11551
38.2,90.72,50.669,0.66567,2.933,-0.43407,-0.20896,0.39011
38.3,90.823,50.591,0.96259,2.9445,-0.42734,-0.11441,-0.0043092
38.4,90.927,50.513,0.03885,2.8994,1.3295,0.45054,-1.1253
38.5,91.031,50.435,0.034351,2.8665,0.0064747,0.32949,0.84745
38.6,91.134,50.356,0.89452,2.9003,-1.238,-0.33809,0.79714
38.7,91.238,50.278,0.096149,2.9252,1.1491,-0.24931,-1.529
38.8,91.342,50.2,0.63014,2.9609,-0.76855,-0.35663,1.2283
38.9,91.445,50.122,0.87201,2.937,-0.34811,0.23846,-0.26931
39,91.549,50.044,0.11623,2.9669,1.0878,-0.29812,-0.91974
39.1,91.653,49.966,0.47804,2.9814,-0.52074,-0.14523,1.0303
39.2,91.756,49.888,0.81655,2.9732,-0.48721,0.081864,-0.021476
39.3,91.86,49.81,0.16061,2.9615,0.94406,0.11709,-0.91679
39.4,91.964,49.732,0.47904,2.9355,-0.4583,0.25958,0.89827
39.5,92.067,49.654,0.90243,2.9196,-0.60936,0.15952,0.096762
39.6,92.171,49.576,0.77367,2.8926,0.18532,0.26996,-0.50902
39.7,92.275,49.498,0.21247,2.8788,0.80771,0.13778,-0.39867
39.8,92.378,49.42,1.0151,2.838,-1.1552,0.40766,1.2573
39.9,92.482,49.342,0.65444,2.7972,0.51906,0.40805,-1.0724
40,92.586,49.264,0.37326,2.7461,0.40469,0.51076,0.073256
40.1,92.608,49.065,0.24135,2.7492,0.18986,-0.03065,0.13761
40.2,92.629,48.866,0.041549,2.7383,0.28756,0.10909,-0.062582
40.3,92.651,48.667,0.26018,2.7479,-0.31467,-0.095661,0.38575
40.4,92.673,48.469,0.56601,2.7548,-0.44016,-0.069504,0.080381
40.5,92.695,48.27,0.67953,2.762,-0.16339,-0.072168,-0.17728
40.6,92.717,48.071,0.85672,2.7573,-0.25502,0.047046,0.058692
40.7,92.739,47.872,0.17155,2.7573,0.98613,0.0002846,-0.795
40.8,92.76,47.673,0.64278,2.7606,-0.67822,-0.033054,1.0661
40.9,92.782,47.475,1.0043,2.7535,-0.52032,0.071222,-0.10114
41,92.804,47.276,0.26664,2.756,1.0617,-0.025497,-1.0133
41.1,92.826,47.077,0.92349,2.747,-0.94536,0.090279,1.2856
41.2,92.848,46.878,0.41537,2.7514,0.73131,-0.044066,-1.074
41.3,92.87,46.679,0.21862,2.7419,0.28317,0.095592,0.28705
41.4,92.891,46.481,0.89745,2.7344,-0.977,0.074626,0.80719
41.5,92.913,46.282,0.92967,2.7264,-0.046375,0.080339,-0.5961
41.6,92.935,46.083,0.6789,2.7232,0.36092,0.031771,-0.26089
41.7,92.957,45.884,0.31074,2.7139,0.52987,0.092412,-0.10822
41.8,92.979,45.685,0.25679,2.7208,0.077649,-0.068453,0.28967
41.9,93.001,45.487,0.54173,2.7164,-0.4101,0.043655,0.31242
42,93.022,45.288,0.29206,2.707,0.35933,0.093813,-0.49285
42.1,93.044,45.089,-0.67514,2.7014,1.392,0.056713,-0.66149
42.2,93.066,44.89,-0.49371,2.7035,-0.26112,-0.021178,1.0589
42.3,93.088,44.691,-0.038407,2.7138,-0.65529,-0.10271,0.25248
42.4,93.11,44.493,-0.26254,2.7064,0.32258,0.073618,-0.62637
42.5,93.132,44.294,-0.40163,2.7163,0.20019,-0.099017,0.0784
42.6,93.153,44.095,-0.77486,2.7074,0.53717,0.089024,-0.21585
42.7,93.175,43.896,-0.73086,2.7168,-0.063314,-0.094357,0.38463
42.8,93.197,43.697,-0.62656,2.7276,-0.15012,-0.10755,0.055603
42.9,93.219,43.499,-0.95457,2.7322,0.47209,-0.045726,-0.39855
43,93.241,43.3,-0.63873,2.7352,-0.45457,-0.03012,0.59357
43.1,93.263,43.101,-0.79633,2.734,0.22682,0.011449,-0.43646
43.2,93.284,42.902,-0.21333,2.7286,-0.83908,0.054394,0.68275
43.3,93.306,42.703,-0.98617,2.7196,1.1123,0.089799,-1.2499
43.4,93.328,42.504,-0.99343,2.7194,0.010458,0.0020887,0.70578
43.5,93.35,42.306,-0.35894,2.7199,-0.9132,-0.0048795,0.59164
43.6,93.372,42.107,-0.88437,2.7254,0.75624,-0.054874,-1.0693
43.7,93.394,41.908,-0.74585,2.7232,-0.19936,0.022209,0.6121
43.8,93.415,41.709,-0.37192,2.7209,-0.53819,0.022894,0.21703
43.9,93.437,41.51,-0.29453,2.7219,-0.11138,-0.010401,-0.27339
44,93.459,41.312,-0.59491,2.7206,0.43232,0.013273,-0.34826
44.1,93.481,41.113,-0.07479,2.7126,-0.74859,0.080151,0.75642
44.2,93.503,40.914,-0.15638,2.7113,0.11743,0.012982,-0.55472
44.3,93.525,40.715,-0.59383,2.715,0.6296,-0.037214,-0.32807
44.4,93.546,40.516,-0.086179,2.7128,-0.73064,0.022172,0.87129
44.5,93.568,40.318,-0.29243,2.7135,0.29685,-0.0076589,-0.65815
44.6,93.59,40.119,-0.46749,2.7231,0.25195,-0.095794,0.028755
44.7,93.612,39.92,-0.96296,2.7267,0.71311,-0.035939,-0.29539
44.8,93.634,39.721,-0.30456,2.73,-0.9476,-0.032963,1.0638
44.9,93.656,39.522,-0.4081,2.735,0.14902,-0.049711,-0.70243
45,93.677,39.324,-0.89012,2.741,0.69376,-0.060702,-0.34893
45.1,93.699,39.125,-0.0014706,2.7429,-1.279,-0.018877,1.2636
45.2,93.721,38.926,-0.53269,2.7532,0.76455,-0.10313,-1.309
45.3,93.743,38.727,-0.29939,2.7594,-0.33577,-0.061876,0.70481
45.4,93.765,38.528,-0.67009,2.7554,0.53353,0.040101,-0.55683
45.5,93.787,38.33,-0.96045,2.7456,0.41789,0.098626,0.074073
45.6,93.808,38.131,-0.66106,2.753,-0.43089,-0.074606,0.54368
45.7,93.83,37.932,-0.25866,2.7431,-0.57915,0.099249,0.09497
45.8,93.852,37.733,-0.98348,2.7376,1.0432,0.055283,-1.0392
45.9,93.874,37.534,-0.39515,2.7378,-0.84674,-0.001989,1.2106
46,93.896,37.336,-0.48443,2.7388,0.12848,-0.0098866,-0.62467
46.1,93.918,37.137,-0.95708,2.728,0.68027,0.10749,-0.35344
46.2,93.939,36.938,-0.55712,2.7257,-0.57565,0.02328,0.80446
46.3,93.961,36.739,-0.48718,2.7284,-0.10066,-0.027343,-0.30425
46.4,93.983,36.54,-0.37327,2.7253,-0.16394,0.03079,0.04054
46.5,94.005,36.342,-0.093074,2.7362,-0.40328,-0.10848,0.1533
46.6,94.027,36.143,-0.22505,2.7275,0.18995,0.086691,-0.37998
46.7,94.049,35.944,-0.94189,2.728,1.0317,-0.0048181,-0.53918
46.8,94.07,35.745,-0.71753,2.7283,-0.32292,-0.0032643,0.86769
46.9,94.092,35.546,-0.91358,2.7323,0.28217,-0.039307,-0.38759
47,94.114,35.348,-0.39012,2.7411,-0.7534,-0.08877,0.66332
47.1,94.136,35.149,-0.39824,2.7302,0.011699,0.10894,-0.49007
47.2,94.158,34.95,-0.81122,2.724,0.59437,0.062027,-0.37323
47.3,94.18,34.751,-0.12929,2.7333,-0.98147,-0.092837,1.0094
47.4,94.201,34.552,-0.051979,2.7325,-0.11127,0.0081254,-0.5574
47.5,94.223,34.353,-0.8215,2.7281,1.1075,0.0445,-0.78069
47.6,94.245,34.155,-0.67097,2.7285,-0.21665,-0.0048757,0.84819
47.7,94.267,33.956,-0.35097,2.7216,-0.46057,0.069743,0.15624
47.8,94.289,33.757,-0.64052,2.726,0.41674,-0.044838,-0.56195
47.9,94.311,33.558,-0.55232,2.7194,-0.12694,0.066575,0.34825
48,94.332,33.359,-0.45336,2.7136,-0.14243,0.05753,0.0099243
48.1,94.354,33.161,-0.12741,2.7117,-0.46912,0.01939,0.20926
48.2,94.376,32.962,-0.70604,2.7073,0.8328,0.043677,-0.83393
48.3,94.398,32.763,-0.25118,2.7004,-0.65467,0.069038,0.95278
48.4,94.42,32.564,-0.65522,2.7107,0.58152,-0.1025,-0.79183
48.5,94.442,32.365,-0.79673,2.7056,0.20367,0.050797,0.24203
48.6,94.463,32.167,-0.73693,2.7097,-0.086071,-0.040595,0.18559
48.7,94.485,31.968,-0.34154,2.7168,-0.56907,-0.071765,0.30938
48.8,94.507,31.769,-0.60222,2.7078,0.37518,0.090108,-0.60483
48.9,94.529,31.57,-0.50616,2.7071,-0.13825,0.0067784,0.32887
49,94.551,31.371,-0.4828,2.709,-0.033621,-0.01841,-0.067018
49.1,94.573,31.173,-0.32252,2.7054,-0.23068,0.035555,0.12623
49.2,94.594,30.974,-0.76851,2.7108,0.64188,-0.053539,-0.55891
49.3,94.616,30.775,-0.40497,2.7175,-0.52322,-0.067633,0.7463
49.4,94.638,30.576,-0.1562,2.7229,-0.35804,-0.053716,-0.10581
49.5,94.66,30.377,-0.26483,2.7146,0.15634,0.083669,-0.32948
49.6,94.682,30.179,-0.18767,2.7196,-0.11105,-0.050837,0.17127
49.7,94.704,29.98,-0.16336,2.7144,-0.034986,0.052798,-0.048724
49.8,94.725,29.781,-0.48706,2.7143,0.46588,0.00096618,-0.32083
49.9,94.747,29.582,-0.069077,2.7099,-0.60158,0.043413,0.68375
50,94.769,29.383,-0.73431,2.715,0.95744,-0.050994,-0.99861
50.1,94.668,29.336,-0.15095,2.6727,-0.8396,0.42302,1.1511
50.2,94.567,29.288,-0.5797,2.6617,0.61708,0.11012,-0.93307
50.3,94.466,29.24,-0.63912,2.652,0.08551,0.097396,0.34049
50.4,94.365,29.192,-0.52772,2.7015,-0.16033,-0.49572,0.15747
50.5,94.264,29.145,-0.59914,2.7491,0.10279,-0.47571,-0.16853
50.6,94.163,29.097,-0.60671,2.7841,0.010895,-0.34975,0.058861
50.7,94.062,29.049,-0.61787,2.8155,0.016061,-0.31389,-0.0033088
50.8,93.961,29.001,-0.45536,2.8527,-0.23389,-0.37276,0.1601
50.9,93.86,28.953,-0.14913,2.8182,-0.44074,0.34519,0.1325
51,93.759,28.906,-0.1952,2.7784,0.066308,0.39877,-0.32478
51.1,93.658,28.858,-0.12813,2.7529,-0.096531,0.2548,0.1043
51.2,93.557,28.81,-0.036886,2.747,-0.13132,0.058424,0.022287
51.3,93.456,28.762,-0.17296,2.7087,0.19585,0.38299,-0.20957
51.4,93.355,28.715,-0.36688,2.7032,0.27909,0.055298,-0.05332
51.5,93.254,28.667,-0.19736,2.7328,-0.24397,-0.29606,0.33504
51.6,93.153,28.619,-0.20581,2.7132,0.012156,0.19619,-0.16406
51.7,93.052,28.571,-0.36892,2.6677,0.23476,0.45478,-0.14259
51.8,92.951,28.524,-0.46927,2.6884,0.14443,-0.20724,0.057857
51.9,92.85,28.476,-0.62559,2.6723,0.22499,0.16111,-0.051597
52,92.749,28.428,-0.0077335,2.6781,-0.88925,-0.058021,0.71372
52.1,92.648,28.38,-0.44702,2.7171,0.63224,-0.38975,-0.97458
52.2,92.547,28.333,-0.72177,2.6781,0.39543,0.39011,0.15169
52.3,92.446,28.285,-0.45833,2.6811,-0.37916,-0.029919,0.49615
52.4,92.346,28.237,-0.45705,2.7301,-0.0018455,-0.49066,-0.24168
52.5,92.245,28.189,-0.66689,2.7166,0.30202,0.13511,-0.19464
52.6,92.144,28.141,-0.28079,2.7135,-0.5557,0.031757,0.54941
52.7,92.043,28.094,-0.12573,2.7468,-0.22317,-0.33373,-0.213
52.8,91.942,28.046,-0.090389,2.7316,-0.05086,0.15273,-0.11037
52.9,91.841,27.998,-0.63483,2.7368,0.78358,-0.05262,-0.53449
53,91.74,27.95,-0.13002,2.7137,-0.72654,0.231,0.96729
53.1,91.639,27.903,-0.30867,2.7556,0.25712,-0.41911,-0.63008
53.2,91.538,27.855,-0.74018,2.7286,0.62105,0.27002,-0.23311
53.3,91.437,27.807,-0.77123,2.7717,0.044694,-0.43078,0.36918
53.4,91.336,27.759,-0.63183,2.7919,-0.20063,-0.20189,0.15714
53.5,91.235,27.712,-0.50062,2.7495,-0.18885,0.42415,-0.0075487
53.6,91.134,27.664,-0.23183,2.7105,-0.38686,0.38939,0.12683
53.7,91.033,27.616,-0.70559,2.7351,0.68187,-0.24569,-0.68456
53.8,90.932,27.568,-0.70623,2.693,0.00091938,0.42151,0.43618
53.9,90.831,27.521,-0.17984,2.6748,-0.75762,0.18196,0.48587
54,90.73,27.473,-0.34254,2.6304,0.23418,0.44339,-0.63528
54.1,90.629,27.425,-0.43517,2.594,0.13331,0.36409,0.064606
54.2,90.528,27.377,-0.52045,2.5758,0.12274,0.18205,0.0067749
54.3,90.427,27.33,-0.20241,2.5298,-0.45775,0.45983,0.37182
54.4,90.326,27.282,-0.22141,2.5775,0.027345,-0.47648,-0.31072
54.5,90.225,27.234,-0.31929,2.6113,0.14088,-0.3378,-0.072724
54.6,90.124,27.186,-0.088085,2.6266,-0.33276,-0.15325,0.30339
54.7,90.023,27.138,-0.32465,2.594,0.34048,0.32556,-0.43124
54.8,89.922,27.091,-0.55305,2.6214,0.32872,-0.27397,0.0075364
54.9,89.821,27.043,-0.18391,2.6381,-0.53129,-0.16671,0.55087
55,89.72,26.995,-0.53363,2.6069,0.50334,0.31162,-0.66272
55.1,89.619,26.947,-0.42344,2.6522,-0.1586,-0.45256,0.424
55.2,89.518,26.9,-0.6207,2.6117,0.28391,0.40505,-0.28344
55.3,89.417,26.852,-0.4876,2.6072,-0.19157,0.045272,0.30456
55.4,89.316,26.804,-0.04601,2.5669,-0.63556,0.40299,0.28439
55.5,89.215,26.756,-0.58337,2.5239,0.77339,0.42987,-0.90249
55.6,89.114,26.709,-0.073925,2.5206,-0.73322,0.032855,0.96505
55.7,89.013,26.661,-0.52043,2.5287,0.64264,-0.081049,-0.88129
55.8,88.912,26.613,-0.43907,2.4992,-0.1171,0.29488,0.48664
55.9,88.811,26.565,-0.38197,2.4919,-0.082188,0.072982,-0.022362
56,88.71,26.518,-0.030478,2.4969,-0.50588,-0.049967,0.27139
56.1,88.609,26.47,-0.90019,2.5338,1.2517,-0.36887,-1.1258
56.2,88.508,26.422,-0.5999,2.5514,-0.43219,-0.17642,1.0786
56.3,88.407,26.374,-0.62799,2.6005,0.040428,-0.49029,-0.30273
56.4,88.306,26.326,-0.82544,2.6077,0.28418,-0.072057,-0.15613
56.5,88.205,26.279,-0.18134,2.6389,-0.92702,-0.31214,0.77582
56.6,88.104,26.231,-0.71837,2.6105,0.77292,0.28418,-1.0889
56.7,88.003,26.183,-0.76682,2.5774,0.069738,0.33025,0.45041
56.8,87.902,26.135,-0.056573,2.552,-1.0222,0.25471,0.69945
56.9,87.801,26.088,-0.090659,2.5898,0.049058,-0.3782,-0.6862
57,87.701,26.04,-0.2099,2.5416,0.17162,0.48146,-0.078507
57.1,87.6,25.992,-0.51526,2.5235,0.43949,0.18116,-0.17158
57.2,87.499,25.944,-0.46247,2.522,-0.075979,0.015151,0.33018
57.3,87.398,25.897,-0.90507,2.483,0.637,0.39019,-0.45669
57.4,87.297,25.849,-0.21463,2.438,-0.99372,0.45031,1.0445
57.5,87.196,25.801,-0.47964,2.4754,0.38142,-0.37462,-0.88083
57.6,87.095,25.753,-0.31312,2.4556,-0.23966,0.19854,0.39782
57.7,86.994,25.706,-0.73459,2.4909,0.60659,-0.35361,-0.54206
57.8,86.893,25.658,-0.5639,2.473,-0.24566,0.17879,0.5459
57.9,86.792,25.61,-0.051793,2.4444,-0.73705,0.28637,0.31476
58,86.691,25.562,-0.39777,2.4445,0.49794,-0.0004464,-0.79106
58.1,86.59,25.514,-0.9365,2.4657,0.77537,-0.21242,-0.17771
58.2,86.489,25.467,-0.83414,2.4251,-0.14733,0.406,0.59103
58.3,86.388,25.419,-0.41581,2.4619,-0.60208,-0.36808,0.29128
58.4,86.287,25.371,-0.74725,2.4335,0.47702,0.28415,-0.69121
58.5,86.186,25.323,-0.29025,2.4474,-0.65774,-0.13914,0.72686
58.6,86.085,25.276,-0.12689,2.4563,-0.23511,-0.088585,-0.27071
58.7,85.984,25.228,-0.12626,2.4784,-0.00090428,-0.22141,-0.15002
58.8,85.883,25.18,-0.63643,2.4566,0.73427,0.21802,-0.47091
58.9,85.782,25.132,-0.64348,2.4443,0.010143,0.1235,0.46383
59,85.681,25.085,-0.4849,2.4653,-0.22824,-0.21021,0.15269
59.1,85.58,25.037,0.24517,2.4589,-1.0508,0.063564,0.52686
59.2,85.479,24.989,0.24628,2.443,-0.0016049,0.1595,-0.67202
59.3,85.378,24.941,0.81935,2.4702,-0.82478,-0.27187,0.52728
59.4,85.277,24.894,0.31511,2.5053,0.72573,-0.35104,-0.99316
59.5,85.176,24.846,0.52022,2.5057,-0.29521,-0.0045036,0.65395
59.6,85.075,24.798,0.98126,2.4714,-0.66354,0.34298,0.23593
59.7,84.974,24.75,0.72269,2.4982,0.37214,-0.26781,-0.6634
59.8,84.873,24.702,0.47999,2.5221,0.34931,-0.23865,0.014624
59.9,84.772,24.655,0.72085,2.4828,-0.34666,0.39237,0.4458
60,84.671,24.607,0.79933,2.4797,-0.11295,0.031485,-0.1497
60.1,84.695,24.408,0.84094,2.4699,-0.059892,0.09762,-0.033986
60.2,84.718,24.21,0.67672,2.4746,0.23637,-0.046906,-0.18977
60.3,84.742,24.011,0.45978,2.4776,0.31222,-0.029504,-0.048591
60.4,84.765,23.813,0.090634,2.4695,0.53129,0.080826,-0.14032
60.5,84.789,23.614,0.15742,2.4766,-0.096117,-0.071028,0.40188
60.6,84.813,23.415,0.15438,2.474,0.004368,0.025742,-0.064365
60.7,84.836,23.217,0.15477,2.4845,-0.00055347,-0.10498,0.0031524
60.8,84.86,23.018,0.97092,2.4935,-1.1746,-0.090444,0.75205
60.9,84.883,22.819,0.10368,2.5012,1.2482,-0.076756,-1.5519
61,84.907,22.621,0.13507,2.4966,-0.045174,0.046078,0.82844
61.1,84.93,22.422,0.89199,2.4999,-1.0894,-0.033217,0.66887
61.2,84.954,22.224,0.33034,2.4939,0.80835,0.060141,-1.2156
61.3,84.978,22.025,0.61601,2.4877,-0.41114,0.062438,0.78113
61.4,85.001,21.826,0.21097,2.4966,0.58295,-0.089712,-0.63675
61.5,85.025,21.628,0.69388,2.4849,-0.69503,0.11695,0.81859
61.6,85.048,21.429,0.4873,2.4782,0.29732,0.067378,-0.63564
61.7,85.072,21.231,0.28545,2.4875,0.29051,-0.092996,0.0043619
61.8,85.095,21.032,0.54888,2.4891,-0.37915,-0.015934,0.42894
61.9,85.119,20.833,0.067594,2.492,0.69269,-0.02947,-0.68656
62,85.143,20.635,0.96919,2.4897,-1.2976,0.023922,1.2749
62.1,85.166,20.436,0.53872,2.499,0.61956,-0.093007,-1.228
62.2,85.19,20.238,0.81731,2.5086,-0.40097,-0.096423,0.65369
62.3,85.213,20.039,0.68749,2.5028,0.18684,0.057748,-0.37652
62.4,85.237,19.84,0.87226,2.5119,-0.26593,-0.090624,0.29002
62.5,85.26,19.642,0.53833,2.5091,0.48061,0.027521,-0.47819
62.6,85.284,19.443,0.51641,2.5188,0.031556,-0.096559,0.28764
62.7,85.308,19.245,0.45255,2.5193,0.0919,-0.005266,-0.038652
62.8,85.331,19.046,0.13548,2.5305,0.45634,-0.11216,-0.23344
62.9,85.355,18.847,0.72866,2.5196,-0.85373,0.10908,0.83915
63,85.378,18.649,0.74091,2.518,-0.017631,0.016561,-0.53555
63.1,85.402,18.45,0.75705,2.507,-0.023232,0.11017,0.0035876
63.2,85.425,18.252,0.10684,2.5127,0.93582,-0.057606,-0.61431
63.3,85.449,18.053,0.91803,2.5031,-1.1675,0.096556,1.3473
63.4,85.473,17.854,0.16969,2.5017,1.077,0.013232,-1.4377
63.5,85.496,17.656,0.85621,2.503,-0.98808,-0.012789,1.3228
63.6,85.52,17.457,0.76224,2.5007,0.13525,0.023384,-0.71953
63.7,85.543,17.259,0.55792,2.4953,0.29408,0.054173,-0.10174
63.8,85.567,17.06,1.0021,2.5031,-0.63929,-0.078606,0.59786
63.9,85.59,16.861,0.3236,2.5062,0.97652,-0.031026,-1.035
64,85.614,16.663,0.24051,2.5045,0.11959,0.017247,0.5489
64.1,85.638,16.464,0.3441,2.5125,-0.14908,-0.080107,0.17209
64.2,85.661,16.265,0.085436,2.5073,0.37228,0.052283,-0.33395
64.3,85.685,16.067,0.87892,2.5104,-1.142,-0.031096,0.96997
64.4,85.708,15.868,1.0008,2.5122,-0.17546,-0.017841,-0.61912
64.5,85.732,15.67,0.8344,2.5184,0.23953,-0.061961,-0.26582
64.6,85.755,15.471,0.39646,2.5219,0.6303,-0.035194,-0.2503
64.7,85.779,15.272,0.12768,2.5192,0.38684,0.027074,0.15595
64.8,85.803,15.074,0.30428,2.5227,-0.25417,-0.03544,0.41059
64.9,85.826,14.875,0.61038,2.5233,-0.44055,-0.0055826,0.11938
65,85.85,14.677,0.3256,2.5118,0.40987,0.11519,-0.54473
65.1,85.873,14.478,0.92252,2.5214,-0.85912,-0.096504,0.81284
65.2,85.897,14.279,0.38329,2.5296,0.77609,-0.081533,-1.0474
65.3,85.92,14.081,0.0063783,2.5201,0.54247,0.095092,0.14964
65.4,85.944,13.882,0.7185,2.5305,-1.0249,-0.10441,1.004
65.5,85.968,13.684,0.72411,2.5393,-0.0080697,-0.087826,-0.65134
65.6,85.991,13.485,0.76129,2.5297,-0.053507,0.096082,0.029104
65.7,86.015,13.286,0.37114,2.534,0.56151,-0.04356,-0.39394
65.8,86.038,13.088,0.16285,2.5355,0.29979,-0.014739,0.16764
65.9,86.062,12.889,0.30682,2.5358,-0.20721,-0.0027302,0.32475
66,86.085,12.691,0.98092,2.5425,-0.97019,-0.06762,0.48872
66.1,86.109,12.492,0.26152,2.5369,1.0354,0.056576,-1.2847
66.2,86.133,12.293,0.35823,2.5335,-0.13918,0.0334,0.75236
66.3,86.156,12.095,0.36552,2.5436,-0.0105,-0.10018,-0.082423
66.4,86.18,11.896,0.68336,2.5537,-0.45744,-0.10123,0.28629
66.5,86.203,11.698,0.89142,2.5427,-0.29945,0.11005,-0.1012
66.6,86.227,11.499,0.47583,2.541,0.59814,0.017222,-0.57494
66.7,86.25,11.3,0.6098,2.5514,-0.19282,-0.10457,0.50664
66.8,86.274,11.102,0.24237,2.5533,0.52882,-0.018522,-0.46224
66.9,86.298,10.903,0.79998,2.5488,-0.80254,0.044677,0.85279
67,86.321,10.705,0.56275,2.5487,0.34142,0.00089764,-0.73275
67.1,86.345,10.506,0.5889,2.5399,-0.037629,0.087815,0.2428
67.2,86.368,10.307,-0.088179,2.5433,0.97448,-0.033262,-0.6483
67.3,86.392,10.109,-0.46027,2.5457,0.53553,-0.024557,0.28116
67.4,86.415,9.9101,-0.063459,2.5435,-0.57111,0.022056,0.70885
67.5,86.439,9.7115,-0.91172,2.549,1.2209,-0.055181,-1.1478
67.6,86.463,9.5129,-0.59957,2.558,-0.44925,-0.089971,1.0698
67.7,86.486,9.3143,-0.27021,2.5645,-0.47404,-0.06438,0.015876
67.8,86.51,9.1157,-0.49954,2.561,0.33007,0.034262,-0.51506
67.9,86.533,8.9171,-0.58598,2.5618,0.1244,-0.0077278,0.13174
68,86.557,8.7185,-0.34353,2.5606,-0.34894,0.012406,0.3032
68.1,86.581,8.5199,-0.20796,2.5546,-0.19512,0.059509,-0.098528
68.2,86.604,8.3213,-0.90954,2.5464,1.0097,0.081942,-0.77177
68.3,86.628,8.1227,-0.4977,2.5447,-0.59273,0.017124,1.0265
68.4,86.651,7.924,-0.4572,2.5459,-0.058299,-0.011896,-0.34233
68.5,86.675,7.7254,-0.35408,2.5553,-0.14841,-0.094285,0.057719
68.6,86.698,7.5268,-0.38325,2.5461,0.041977,0.09246,-0.12195
68.7,86.722,7.3282,-0.3319,2.5564,-0.073911,-0.10312,0.074231
68.8,86.746,7.1296,-0.55713,2.5588,0.32417,-0.023686,-0.25499
68.9,86.769,6.931,-0.31548,2.5507,-0.34779,0.080687,0.43042
69,86.793,6.7324,-0.43145,2.5492,0.16691,0.015283,-0.32969
69.1,86.816,6.5338,-0.45811,2.55,0.038365,-0.0081148,0.082339
69.2,86.84,6.3352,-0.5185,2.5442,0.086917,0.058055,-0.031099
69.3,86.863,6.1366,-0.31645,2.5521,-0.2908,-0.079204,0.24194
69.4,86.887,5.938,-0.2363,2.5581,-0.11536,-0.059762,-0.11238
69.5,86.911,5.7394,-0.29954,2.554,0.091021,0.040524,-0.13219
69.6,86.934,5.5408,-0.21316,2.5542,-0.12433,-0.0015999,0.13794
69.7,86.958,5.3422,-0.059907,2.5593,-0.22057,-0.051076,0.061645
69.8,86.981,5.1436,-0.07942,2.5495,0.028084,0.097928,-0.15927
69.9,87.005,4.945,-0.04239,2.5479,-0.053296,0.015909,0.052127
70,87.028,4.7463,-0.13063,2.5588,0.127,-0.10958,-0.11549
70.1,87.029,4.782,-0.014361,2.5584,-0.16734,0.0040102,0.18854
70.2,87.03,4.8177,-0.18305,2.5583,0.24278,0.0012816,-0.2627
70.3,87.031,4.8534,-0.16117,2.5581,-0.031488,0.0021827,0.17568
70.4,87.033,4.8891,-0.092891,2.5586,-0.09827,-0.0046026,0.042777
70.5,87.034,4.9248,-0.11017,2.5586,0.024876,5.3805e-06,-0.07888
70.6,87.035,4.9605,-0.168,2.5588,0.083226,-0.0024327,-0.037375
70.7,87.036,4.9962,-0.069735,2.5583,-0.14143,0.0046476,0.1439
70.8,87.037,5.0319,-0.2007,2.5585,0.18849,-0.0017766,-0.21133
70.9,87.038,5.0676,-0.18453,2.5583,-0.023268,0.0016812,0.13564
71,87.039,5.1033,-0.17013,2.5587,-0.020725,-0.003424,-0.0016292
71.1,87.04,5.139,-0.016823,2.5584,-0.22065,0.0031678,0.12806
71.2,87.041,5.1747,-0.065533,2.5587,0.070106,-0.0034669,-0.18624
71.3,87.042,5.2104,-0.23443,2.5584,0.24309,0.0035799,-0.1108
71.4,87.043,5.246,-0.078949,2.5579,-0.22378,0.004919,0.29905
71.5,87.044,5.2817,-0.2068,2.558,0.18401,-0.0010294,-0.2612
71.6,87.045,5.3174,-0.12027,2.5577,-0.12454,0.0022771,0.19763
71.7,87.046,5.3531,-0.20433,2.5581,0.12098,-0.0039541,-0.15726
71.8,87.047,5.3888,-0.13392,2.5581,-0.10133,0.00019834,0.1424
71.9,87.048,5.4245,-0.23414,2.5579,0.14424,0.0025991,-0.15729
72,87.049,5.4602,-0.25824,2.5578,0.034687,0.00098141,0.070172
72.1,87.05,5.4959,-0.16061,2.5573,-0.14052,0.0048277,0.11223
72.2,87.051,5.5316,-0.22991,2.5576,0.099748,-0.0033786,-0.1539
72.3,87.052,5.5673,-0.16337,2.5577,-0.095768,-0.0012866,0.12524
72.4,87.053,5.603,-0.22964,2.558,0.095373,-0.0029425,-0.12243
72.5,87.054,5.6387,-0.18304,2.5583,-0.067061,-0.0021949,0.10405
72.6,87.055,5.6744,-0.21961,2.5586,0.052632,-0.0030928,-0.076668
72.7,87.056,5.71,-0.032997,2.5581,-0.26859,0.0042225,0.20575
72.8,87.057,5.7457,-0.12624,2.5577,0.1342,0.0049124,-0.258
72.9,87.058,5.7814,-0.17409,2.5574,0.068871,0.0021392,0.041844
73,87.06,5.8171,-0.031926,2.5578,-0.20461,-0.0035631,0.17518
73.1,87.061,5.8528,-0.31796,2.5575,0.41167,0.002558,-0.39476
73.2,87.062,5.8885,-0.022672,2.5577,-0.42499,-0.0018536,0.53592
73.3,87.063,5.9242,-0.29264,2.5579,0.38856,-0.0015578,-0.52111
73.4,87.064,5.9599,-0.17049,2.5574,-0.17581,0.0051423,0.3615
73.5,87.065,5.9956,-0.26214,2.5578,0.13191,-0.0044671,-0.1971
73.6,87.066,6.0313,-0.21023,2.5581,-0.074721,-0.0031036,0.13235
73.7,87.067,6.067,-0.2528,2.5578,0.061274,0.0037067,-0.08711
73.8,87.068,6.1027,-0.30107,2.5577,0.069467,0.00092571,-0.0052476
73.9,87.069,6.1384,-0.28316,2.5572,-0.025776,0.0043979,0.061007
74,87.07,6.174,-0.36769,2.5571,0.12167,0.0012356,-0.094442
74.1,87.071,6.2097,-0.25948,2.5573,-0.15575,-0.0021266,0.17769
74.2,87.072,6.2454,-0.11828,2.5569,-0.20322,0.0036558,0.030408
74.3,87.073,6.2811,-0.18147,2.5566,0.090945,0.003655,-0.18842
74.4,87.074,6.3168,-0.31081,2.5568,0.18615,-0.0023509,-0.060984
74.5,87.075,6.3525,-0.32334,2.5573,0.018031,-0.0049253,0.10769
74.6,87.076,6.3882,-0.26564,2.5568,-0.083034,0.0048075,0.064736
74.7,87.077,6.4239,-0.34137,2.5566,0.10899,0.0025116,-0.123
74.8,87.078,6.4596,-0.08976,2.5566,-0.36213,8.2431e-05,0.30177
74.9,87.079,6.4953,-0.21571,2.5565,0.18127,0.001079,-0.34807
75,87.08,6.531,-0.10023,2.5561,-0.1662,0.0040351,0.22257
75.1,87.081,6.5667,-0.17223,2.5566,0.10363,-0.0049697,-0.17283
75.2,87.082,6.6024,-0.32027,2.5568,0.21306,-0.0028049,-0.070097
75.3,87.083,6.638,-0.31577,2.5572,-0.0064726,-0.003564,0.14062
75.4,87.084,6.6737,-0.40449,2.5575,0.12768,-0.002664,-0.085932
75.5,87.085,6.7094,-0.31707,2.5577,-0.12581,-0.0027581,0.16238
75.6,87.087,6.7451,-0.22716,2.558,-0.1294,-0.0023778,0.0022983
75.7,87.088,6.7808,-0.063175,2.5583,-0.23602,-0.0029146,0.068291
75.8,87.089,6.8165,-0.31023,2.5588,0.35557,-0.0048704,-0.37894
75.9,87.09,6.8522,-0.13043,2.5587,-0.25878,0.00092375,0.39351
76,87.091,6.8879,-0.072638,2.5582,-0.083175,0.0044999,-0.11248
76.1,87.092,6.9236,-0.43972,2.5582,0.52833,0.00023377,-0.39169
76.2,87.093,6.9593,-0.032644,2.5581,-0.58589,0.0010543,0.7137
76.3,87.094,6.995,-0.36068,2.5581,0.47213,9.2262e-05,-0.6777
76.4,87.095,7.0307,-0.096738,2.5582,-0.37988,-0.0015758,0.54575
76.5,87.096,7.0664,-0.15735,2.5583,0.087236,-0.00070372,-0.29921
76.6,87.097,7.102,-0.1534,2.5585,-0.0056914,-0.0018644,0.059524
76.7,87.098,7.1377,-0.44143,2.5583,0.41456,0.0013723,-0.26919
76.8,87.099,7.1734,-0.080534,2.5583,-0.51942,0.00038824,0.59825
76.9,87.1,7.2091,-0.38009,2.5581,0.43113,0.0016279,-0.60887
77,87.101,7.2448,-0.18513,2.5585,-0.28059,-0.0030525,0.45589
77.1,87.102,7.2805,-0.026612,2.5584,-0.22815,0.00091688,-0.033593
77.2,87.103,7.3162,-0.19663,2.5582,0.2447,0.001756,-0.30288
77.3,87.104,7.3519,-0.40915,2.5582,0.30587,-0.00037818,-0.03918
77.4,87.105,7.3876,-0.10291,2.5583,-0.44075,-0.00098768,0.47823
77.5,87.106,7.4233,-0.11914,2.5587,0.02335,-0.0033062,-0.29727
77.6,87.107,7.459,-0.18338,2.5587,0.092464,2.2136e-05,-0.04427
77.7,87.108,7.4947,-0.033387,2.5584,-0.21588,0.0021892,0.19751
77.8,87.109,7.5304,-0.19707,2.5587,0.23559,-0.0029734,-0.28918
77.9,87.11,7.5661,-0.26328,2.5589,0.095288,-0.0014705,0.089867
78,87.111,7.6017,-0.36695,2.5587,0.14921,0.0019329,-0.034538
78.1,87.112,7.6374,-0.0077465,2.5582,-0.51698,0.0046848,0.42672
78.2,87.114,7.6731,-0.21763,2.5582,0.30207,1.614e-05,-0.52464
78.3,87.115,7.7088,-0.30415,2.5586,0.12452,-0.0036973,0.11373
78.4,87.116,7.7445,-0.28409,2.5588,-0.028873,-0.0017893,0.098255
78.5,87.117,7.7802,-0.14802,2.5587,-0.19583,0.00051275,0.10694
78.6,87.118,7.8159,-0.2691,2.5583,0.17426,0.0038456,-0.23706
78.7,87.119,7.8516,-0.4796,2.5579,0.30296,0.0045471,-0.082435
78.8,87.12,7.8873,-0.26868,2.5574,-0.30356,0.004935,0.3885
78.9,87.121,7.923,-0.16205,2.5575,-0.15347,-0.0013062,-0.09614
79,87.122,7.9587,-0.10862,2.5571,-0.076906,0.0044546,-0.04904
79.1,87.123,7.9944,-0.49372,2.5568,0.55426,0.0025608,-0.40428
79.2,87.124,8.0301,-0.3695,2.5568,-0.17878,-0.00033637,0.46954
79.3,87.125,8.0657,-0.1095,2.5571,-0.37421,-0.0029355,0.12518
79.4,87.126,8.1014,-0.4781,2.5574,0.53051,-0.0030377,-0.57951
79.5,87.127,8.1371,-0.31908,2.557,-0.22887,0.0041093,0.48642
79.6,87.128,8.1728,-0.18643,2.5573,-0.19092,-0.0024314,-0.024313
79.7,87.129,8.2085,-0.19376,2.5571,0.010552,0.0020769,-0.12905
79.8,87.13,8.2442,-0.35072,2.5569,0.22589,0.0011439,-0.13793
79.9,87.131,8.2799,-0.067645,2.5565,-0.40741,0.004561,0.40566
80,87.132,8.3156,-0.43563,2.5568,0.52962,-0.0030211,-0.60021
80.1,87.002,8.3029,-0.29325,2.5968,-0.20492,-0.3997,0.4705
80.2,86.872,8.2902,-0.29926,2.642,0.0086531,-0.45216,-0.1368
80.3,86.742,8.2775,-0.46003,2.5897,0.23138,0.52316,-0.14267
80.4,86.612,8.2648,-0.19265,2.5405,-0.38483,0.49177,0.39471
80.5,86.482,8.2521,-0.18582,2.5203,-0.0098247,0.20149,-0.2402
80.6,86.352,8.2394,-0.21139,2.4804,0.036802,0.39965,-0.029866
80.7,86.222,8.2266,-0.062479,2.4704,-0.21432,0.099401,0.16085
80.8,86.092,8.2139,-0.18229,2.4567,0.17244,0.13698,-0.24774
80.9,85.962,8.2012,-0.1168,2.5201,-0.094261,-0.63351,0.17083
81,85.832,8.1885,-0.24246,2.4891,0.18085,0.31023,-0.17622
81.1,85.702,8.1758,-0.2952,2.4892,0.075911,-0.0017241,0.067219
81.2,85.572,8.1631,-0.55097,2.4295,0.36812,0.59693,-0.18717
81.3,85.442,8.1504,-0.41676,2.4534,-0.19317,-0.23875,0.35953
81.4,85.312,8.1377,-0.22043,2.4364,-0.28256,0.17032,0.05726
81.5,85.182,8.125,-0.47958,2.4815,0.37298,-0.45127,-0.4199
81.6,85.052,8.1123,-0.25543,2.5117,-0.3226,-0.30142,0.44554
81.7,84.922,8.0996,-0.44747,2.5274,0.27638,-0.15759,-0.38367
81.8,84.792,8.0869,-0.28833,2.5832,-0.22904,-0.5581,0.32374
81.9,84.662,8.0742,-0.5354,2.539,0.35559,0.44227,-0.37448
82,84.532,8.0615,-0.41719,2.5683,-0.17012,-0.29306,0.33674
82.1,84.402,8.0488,-0.41914,2.521,0.0028029,0.47322,-0.11077
82.2,84.272,8.0361,-0.52399,2.5009,0.1509,0.20104,-0.094863
82.3,84.142,8.0233,-0.21545,2.5494,-0.44407,-0.48481,0.3811
82.4,84.012,8.0106,-0.25654,2.5599,0.059144,-0.10548,-0.32233
82.5,83.882,7.9979,-0.46716,2.5528,0.30314,0.071482,-0.15629
82.6,83.752,7.9852,-0.47086,2.5136,0.0053183,0.3913,0.19077
82.7,83.622,7.9725,-0.24458,2.4661,-0.32568,0.47548,0.21202
82.8,83.492,7.9598,-0.21914,2.4146,-0.036613,0.51527,-0.18516
82.9,83.362,7.9471,-0.14123,2.3517,-0.11213,0.62853,0.048371
83,83.232,7.9344,-0.5398,2.2888,0.57365,0.62931,-0.43927
83.1,83.102,7.9217,-0.26893,2.234,-0.38986,0.54781,0.61716
83.2,82.972,7.909,-0.0078342,2.2059,-0.37578,0.28124,-0.0090148
83.3,82.842,7.8963,-0.2563,2.2181,0.35761,-0.1222,-0.46976
83.4,82.712,7.8836,-0.019682,2.2787,-0.34055,-0.60653,0.4472
83.5,82.582,7.8709,-0.12158,2.2929,0.14666,-0.14157,-0.31208
83.6,82.452,7.8582,-0.50392,2.2645,0.55028,0.28353,-0.25853
83.7,82.322,7.8455,-0.56024,2.3279,0.081052,-0.63318,0.30056
83.8,82.192,7.8328,-0.4603,2.3071,-0.14384,0.20737,0.14405
83.9,82.061,7.82,-0.33944,2.3293,-0.17394,-0.2218,0.019283
84,81.931,7.8073,-0.54689,2.3084,0.29857,0.20898,-0.30267
84.1,81.801,7.7946,-0.31378,2.3414,-0.3355,-0.32963,0.40615
84.2,81.671,7.7819,-0.10198,2.4004,-0.30484,-0.59043,-0.019641
84.3,81.541,7.7692,-0.38114,2.4317,0.40179,-0.31337,-0.45262
84.4,81.411,7.7565,-0.41257,2.3892,0.045228,0.42518,0.22839
84.5,81.281,7.7438,-0.4973,2.3892,0.12196,0.00054503,-0.049149
84.6,81.151,7.7311,-0.30726,2.4507,-0.27352,-0.6152,0.25332
84.7,81.021,7.7184,-0.28429,2.469,-0.033054,-0.18261,-0.15403
84.8,80.891,7.7057,-0.45855,2.4599,0.2508,0.090682,-0.18182
84.9,80.761,7.693,-0.0034388,2.4908,-0.65502,-0.30933,0.58021
85,80.631,7.6803,-0.15752,2.434,0.22175,0.568,-0.56161
85.1,80.501,7.6676,-0.19348,2.4423,0.051768,-0.082494,0.10888
85.2,80.371,7.6549,-0.48735,2.5028,0.42295,-0.6058,-0.23776
85.3,80.241,7.6422,-0.082518,2.5398,-0.58266,-0.36918,0.64413
85.4,80.111,7.6295,-0.20463,2.505,0.17575,0.34798,-0.48579
85.5,79.981,7.6167,-0.088095,2.5337,-0.16772,-0.28704,0.22001
85.6,79.851,7.604,-0.43117,2.5844,0.49377,-0.50696,-0.42372
85.7,79.721,7.5913,-0.33039,2.5417,-0.14506,0.42698,0.4092
85.8,79.591,7.5786,-0.35959,2.5188,0.042036,0.22899,-0.11984
85.9,79.461,7.5659,-0.099997,2.4672,-0.37362,0.51595,0.26625
86,79.331,7.5532,-0.19103,2.4816,0.13102,-0.1446,-0.32325
86.1,79.201,7.5405,-0.28841,2.4751,0.14014,0.064852,-0.0058429
86.2,79.071,7.5278,-0.57052,2.4977,0.40603,-0.22566,-0.17031
86.3,78.941,7.5151,-0.015995,2.458,-0.7981,0.39763,0.7713
86.4,78.811,7.5024,-0.29475,2.4592,0.40119,-0.012129,-0.7682
86.5,78.681,7.4897,-0.44852,2.4084,0.22132,0.50797,0.11522
86.6,78.551,7.477,-0.35163,2.3832,-0.13945,0.2521,0.23109
86.7,78.421,7.4643,-0.031309,2.4075,-0.46102,-0.24382,0.20598
86.8,78.291,7.4516,-0.14291,2.4198,0.16063,-0.12258,-0.39819
86.9,78.161,7.4389,-0.10804,2.4649,-0.050194,-0.45138,0.13504
87,78.031,7.4262,-0.46883,2.4099,0.51926,0.55023,-0.36476
87.1,77.901,7.4134,-0.49339,2.3864,0.035355,0.2351,0.30996
87.2,77.771,7.4007,-0.27917,2.37,-0.30832,0.16444,0.22014
87.3,77.641,7.388,-0.52945,2.3661,0.36022,0.038136,-0.42822
87.4,77.511,7.3753,-0.06591,2.3102,-0.66715,0.55904,0.65807
87.5,77.381,7.3626,-0.094359,2.2929,0.040945,0.17292,-0.45356
87.6,77.251,7.3499,-0.57703,2.3004,0.69469,-0.0744,-0.41875
87.7,77.121,7.3372,-0.41214,2.3437,-0.23732,-0.43308,0.59699
87.8,76.991,7.3245,-0.031598,2.3162,-0.5477,0.27542,0.19881
87.9,76.861,7.3118,-0.20446,2.2565,0.24879,0.59641,-0.51018
88,76.731,7.2991,-0.45519,2.295,0.36086,-0.38509,-0.071781
88.1,76.601,7.2864,-0.46399,2.27,0.012677,0.25049,0.22302
88.2,76.471,7.2737,-0.46579,2.2916,0.0025787,-0.21649,0.0064683
88.3,76.341,7.261,-0.17568,2.2536,-0.41754,0.3799,0.2691
88.4,76.211,7.2483,-0.3581,2.2322,0.26255,0.21444,-0.43563
88.5,76.081,7.2356,-0.32772,2.2481,-0.043723,-0.15928,0.19618
88.6,75.951,7.2229,-0.14161,2.2347,-0.26787,0.13375,0.14357
88.7,75.821,7.2101,-0.20769,2.1784,0.095105,0.56306,-0.2325
88.8,75.691,7.1974,-0.066401,2.2332,-0.20334,-0.54772,0.19117
88.9,75.561,7.1847,-0.51245,2.2702,0.64197,-0.36956,-0.54146
89,75.431,7.172,-0.55539,2.2828,0.061814,-0.12673,0.37161
89.1,75.301,7.1593,-0.40478,2.2301,-0.21678,0.52718,0.17845
89.2,75.171,7.1466,-0.0044144,2.2275,-0.57622,0.026674,0.23024
89.3,75.041,7.1339,-0.3039,2.2754,0.43104,-0.47993,-0.64519
89.4,74.911,7.1212,-0.3559,2.3131,0.074838,-0.37701,0.22816
89.5,74.78,7.1085,-0.35258,2.2629,-0.0047803,0.50278,0.050999
89.6,74.65,7.0958,-0.023019,2.2901,-0.47432,-0.27272,0.30076
89.7,74.52,7.0831,-0.069844,2.3102,0.067393,-0.20023,-0.34699
89.8,74.39,7.0704,-0.51269,2.2515,0.63737,0.58692,-0.36509
89.9,74.26,7.0577,-0.42089,2.1979,-0.13213,0.53566,0.49289
90,74.13,7.045,-0.0010639,2.1392,-0.60423,0.58743,0.3024
90.1,73.935,7.0025,-0.11234,2.1574,0.16015,-0.18278,-0.48962
90.2,73.74,6.9599,-0.5296,2.1127,0.60054,0.44707,-0.28209
90.3,73.544,6.9174,-0.57192,2.1291,0.060908,-0.16373,0.34566
90.4,73.349,6.8749,-0.17988,2.1427,-0.56424,-0.13592,0.40043
90.5,73.153,6.8324,-0.3505,2.2073,0.24557,-0.64645,-0.51872
90.6,72.958,6.7899,-0.57676,2.2277,0.32564,-0.20384,-0.051289
90.7,72.762,6.7474,-0.12774,2.16,-0.64625,0.67737,0.62254
90.8,72.567,6.7049,-0.11966,2.0817,-0.01164,0.78284,-0.40649
90.9,72.372,6.6624,-0.43046,2.1643,0.44733,-0.8259,-0.29399
91,72.176,6.6198,-0.28832,2.206,-0.20458,-0.41721,0.41758
91.1,71.981,6.5773,-0.14777,2.2971,-0.20229,-0.91059,-0.0014689
91.2,71.785,6.5348,-0.17001,2.3839,0.032008,-0.86832,-0.15008
91.3,71.59,6.4923,-0.49805,2.349,0.47213,0.34883,-0.28192
91.4,71.394,6.4498,-0.01253,2.4115,-0.69878,-0.62436,0.75002
91.5,71.199,6.4073,-0.52231,2.4016,0.73369,0.098182,-0.91756
91.6,71.004,6.3648,-0.23345,2.4469,-0.41573,-0.45303,0.73626
91.7,70.808,6.3223,-0.20985,2.4805,-0.033966,-0.33509,-0.24454
91.8,70.613,6.2798,-0.07778,2.4648,-0.19008,0.15628,0.099999
91.9,70.417,6.2372,-0.44425,2.5385,0.52745,-0.73674,-0.45961
92,70.222,6.1947,-0.032593,2.6008,-0.59248,-0.62288,0.71736
92.1,70.026,6.1522,-0.18366,2.5761,0.21742,0.24715,-0.51878
92.2,69.831,6.1097,-0.26076,2.4818,0.11098,0.94293,0.068182
92.3,69.636,6.0672,-0.28412,2.4155,0.033617,0.66278,0.049551
92.4,69.44,6.0247,-0.52724,2.4465,0.34991,-0.31032,-0.2026
92.5,69.245,5.9822,-0.53882,2.4569,0.01666,-0.10402,0.21346
92.6,69.049,5.9397,-0.34044,2.4542,-0.28551,0.027825,0.19355
92.7,68.854,5.8971,-0.1479,2.5006,-0.27712,-0.46428,-0.0053737
92.8,68.658,5.8546,-0.31951,2.4343,0.24699,0.66319,-0.33571
92.9,68.463,5.8121,-0.55987,2.3865,0.34593,0.47772,-0.063378
93,68.268,5.7696,-0.09948,2.424,-0.66261,-0.37499,0.64602
93.1,68.072,5.7271,-0.37866,2.4281,0.40181,-0.041324,-0.68181
93.2,67.877,5.6846,-0.43988,2.4081,0.088103,0.20071,0.20094
93.3,67.681,5.6421,-0.19496,2.5042,-0.35249,-0.96192,0.28222
93.4,67.486,5.5996,-0.01916,2.53,-0.25303,-0.2571,-0.063712
93.5,67.29,5.557,-0.50576,2.6099,0.70034,-0.79956,-0.61067
93.6,67.095,5.5145,-0.10778,2.6698,-0.57279,-0.59851,0.81549
93.7,66.899,5.472,-0.58057,2.7195,0.68047,-0.49729,-0.80277
93.8,66.704,5.4295,-0.15822,2.7162,-0.60787,0.033205,0.82524
93.9,66.509,5.387,-0.28701,2.6883,0.18537,0.27839,-0.50811
94,66.313,5.3445,-0.33109,2.7838,0.06343,-0.95482,0.078109
94.1,66.118,5.302,-0.28084,2.8393,-0.072319,-0.55458,0.086952
94.2,65.922,5.2595,-0.23261,2.9346,-0.069417,-0.9529,-0.0018588
94.3,65.727,5.2169,-0.50352,3.0099,0.38991,-0.75305,-0.29422
94.4,65.531,5.1744,-0.54808,3.1044,0.064141,-0.94515,0.20867
94.5,65.336,5.1319,-0.14185,3.0164,-0.58467,0.88021,0.41559
94.6,65.141,5.0894,-0.17006,3.0979,0.040598,-0.81527,-0.40051
94.7,64.945,5.0469,-0.17784,3.1527,0.011202,-0.54824,0.01883
94.8,64.75,5.0044,-0.25524,3.2385,0.11141,-0.85784,-0.064185
94.9,64.554,4.9619,-0.2188,3.2762,-0.052452,-0.37709,0.10496
95,64.359,4.9194,-0.0035648,3.1984,-0.30978,0.7784,0.16483
95.1,64.163,4.8769,-0.16185,3.2181,0.22782,-0.19728,-0.34435
95.2,63.968,4.8343,-0.16964,3.1638,0.011208,0.54244,0.13875
95.3,63.773,4.7918,-0.44285,3.2328,0.39321,-0.68905,-0.24469
95.4,63.577,4.7493,-0.1409,3.1959,-0.43458,0.36894,0.53023
95.5,63.382,4.7068,-0.4079,3.187,0.38428,0.088455,-0.52451
95.6,63.186,4.6643,-0.51455,3.2632,0.1535,-0.76192,0.14782
95.7,62.991,4.6218,-0.23402,3.2611,-0.40376,0.021554,0.35695
95.8,62.795,4.5793,-0.17908,3.3394,-0.07907,-0.7835,-0.20798
95.9,62.6,4.5368,-0.48044,3.2521,0.43373,0.87305,-0.32847
96,62.405,4.4942,-0.37866,3.2164,-0.14648,0.35669,0.37165
96.1,62.209,4.4517,-0.26274,3.1357,-0.16684,0.80742,0.01304
96.2,62.014,4.4092,-0.076566,3.1158,-0.26796,0.19852,0.064773
96.3,61.818,4.3667,-0.37092,3.1509,0.42365,-0.35077,-0.443
96.4,61.623,4.3242,-0.26116,3.1551,-0.15798,-0.042098,0.37256
96.5,61.427,4.2817,-0.054866,3.1423,-0.2969,0.12849,0.088988
96.6,61.232,4.2392,-0.15104,3.1074,0.13841,0.34877,-0.27884
96.7,61.037,4.1967,-0.42226,3.1051,0.39036,0.022531,-0.16138
96.8,60.841,4.1541,-0.24864,3.2021,-0.24988,-0.96958,0.4101
96.9,60.646,4.1116,-0.34449,3.1277,0.13795,0.74419,-0.24842
97,60.45,4.0691,-0.063445,3.2073,-0.40449,-0.79596,0.34745
97.1,60.255,4.0266,-0.43368,3.1499,0.53286,0.57391,-0.60041
97.2,60.059,3.9841,-0.2053,3.1539,-0.32869,-0.03984,0.55186
97.3,59.864,3.9416,-0.57121,3.1472,0.52664,0.066473,-0.54787
97.4,59.669,3.8991,-0.43604,3.0567,-0.19454,0.90476,0.46194
97.5,59.473,3.8566,-0.14921,3.0305,-0.41282,0.26278,0.13981
97.6,59.278,3.8141,-0.13814,3.0932,-0.01594,-0.62713,-0.25422
97.7,59.082,3.7715,-0.29407,3.0843,0.22443,0.088378,-0.15397
97.8,58.887,3.729,-0.53644,3.0904,0.34883,-0.060947,-0.079684
97.9,58.691,3.6865,-0.42435,3.0239,-0.16132,0.6657,0.32677
98,58.496,3.644,-0.54485,3.0072,0.17343,0.16651,-0.21442
98.1,58.301,3.6015,-0.021673,2.9128,-0.75298,0.944,0.5934
98.2,58.105,3.559,-0.42053,2.8874,0.57406,0.25442,-0.85002
98.3,57.91,3.5165,-0.027219,2.8084,-0.56608,0.79009,0.7303
98.4,57.714,3.474,-0.25929,2.8215,0.33401,-0.1314,-0.57654
98.5,57.519,3.4314,-0.044389,2.8214,-0.3093,0.00078323,0.41207
98.6,57.323,3.3889,-0.21044,2.9085,0.23898,-0.87056,-0.3512
98.7,57.128,3.3464,-0.38498,2.8355,0.25121,0.72933,-0.0078325
98.8,56.933,3.3039,-0.32026,2.8294,-0.093149,0.061851,0.22058
98.9,56.737,3.2614,-0.30913,2.8644,-0.016023,-0.34992,-0.049402
99,56.542,3.2189,-0.24945,2.8275,-0.085889,0.3687,0.044752
99.1,56.346,3.1764,-0.48475,2.7864,0.33865,0.41124,-0.27193
99.2,56.151,3.1339,-0.030208,2.7604,-0.65419,0.25983,0.63595
99.3,55.955,3.0913,-0.29126,2.7004,0.37572,0.6,-0.6597
99.4,55.76,3.0488,-0.11384,2.649,-0.25536,0.51332,0.40424
99.5,55.565,3.0063,-0.34045,2.5811,0.32615,0.67959,-0.37248
99.6,55.369,2.9638,-0.48793,2.5486,0.21225,0.32531,0.07296
99.7,55.174,2.9213,-0.015142,2.4736,-0.68045,0.74935,0.57181
99.8,54.978,2.8788,-0.24346,2.5391,0.32861,-0.65494,-0.64634
99.9,54.783,2.8363,-0.11348,2.5322,-0.18707,0.069504,0.33031
100,54.587,2.7938,-0.15632,2.6096,0.061657,-0.77454,-0.15932
100.1,54.471,2.776,-0.34265,2.6306,0.26818,-0.21012,-0.13228
100.2,54.354,2.7582,-0.51777,2.6128,0.25204,0.17825,0.010337
100.3,54.237,2.7405,-0.36154,2.6422,-0.22485,-0.29352,0.30547
100.4,54.12,2.7227,-0.20295,2.6529,-0.22825,-0.10746,0.002177
100.5,54.003,2.705,-0.26202,2.6399,0.085011,0.12968,-0.20066
100.6,53.886,2.6872,-0.3269,2.6975,0.09338,-0.57564,-0.0053605
100.7,53.769,2.6694,-0.1479,2.6738,-0.25763,0.23653,0.22484
100.8,53.652,2.6517,-0.15849,2.7289,0.015252,-0.55036,-0.17479
100.9,53.535,2.6339,-0.49261,2.7594,0.48088,-0.30494,-0.29825
101,53.418,2.6162,-0.037167,2.7922,-0.6555,-0.32833,0.7279
101.1,53.301,2.5984,-0.27088,2.845,0.33636,-0.52824,-0.63533
101.2,53.184,2.5806,-0.30698,2.8703,0.051958,-0.25271,0.18217
101.3,53.068,2.5629,-0.25473,2.8796,-0.0752,-0.092879,0.08145
101.4,52.951,2.5451,-0.48813,2.8344,0.33593,0.45218,-0.26334
101.5,52.834,2.5274,-0.076891,2.8483,-0.59188,-0.13879,0.5943
101.6,52.717,2.5096,-0.029354,2.8577,-0.068418,-0.094835,-0.3353
101.7,52.6,2.4918,-0.01221,2.8596,-0.024674,-0.019035,-0.028019
101.8,52.483,2.4741,-0.27036,2.9061,0.37155,-0.46448,-0.2538
101.9,52.366,2.4563,-0.53366,2.9338,0.37894,-0.27691,-0.0047354
102,52.249,2.4386,-0.065448,2.9847,-0.67387,-0.5096,0.67437
102.1,52.132,2.4208,-0.040061,3.0145,-0.036538,-0.29798,-0.40824
102.2,52.015,2.403,-0.34539,2.9791,0.43944,0.35446,-0.30488
102.3,51.898,2.3853,-0.39766,2.9627,0.075235,0.16392,0.23329
102.4,51.781,2.3675,-0.053336,3.0209,-0.49557,-0.58182,0.36562
102.5,51.665,2.3498,-0.22318,2.9817,0.24445,0.39139,-0.47402
102.6,51.548,2.332,-0.38748,2.9355,0.23647,0.46201,0.0051124
102.7,51.431,2.3142,-0.53139,2.9575,0.20712,-0.22001,0.018803
102.8,51.314,2.2965,-0.17174,3.0073,-0.51762,-0.49795,0.46422
102.9,51.197,2.2787,-0.20408,3.0038,0.046544,0.035611,-0.36137
103,51.08,2.261,-0.43565,2.9502,0.33328,0.53603,-0.18366
103.1,50.963,2.2432,-0.22546,2.9911,-0.30251,-0.4091,0.40725
103.2,50.846,2.2254,-0.40046,2.9341,0.25187,0.5699,-0.35511
103.3,50.729,2.2077,-0.034578,2.8758,-0.52659,0.58273,0.49864
103.4,50.612,2.1899,-0.37212,2.8208,0.48581,0.54978,-0.64849
103.5,50.495,2.1722,-0.21234,2.7962,-0.22997,0.24605,0.45849
103.6,50.379,2.1544,-0.1207,2.7599,-0.1319,0.36371,-0.062816
103.7,50.262,2.1366,-0.52701,2.7076,0.58478,0.52312,-0.45907
103.8,50.145,2.1189,-0.27487,2.7465,-0.36289,-0.38958,0.60702
103.9,50.028,2.1011,-0.52926,2.7969,0.36612,-0.50393,-0.46696
104,49.911,2.0834,-0.32974,2.8475,-0.28716,-0.50568,0.41846
104.1,49.794,2.0656,-0.19599,2.8407,-0.19249,0.068159,-0.060638
104.2,49.677,2.0478,-0.076342,2.8645,-0.1722,-0.23799,-0.012995
104.3,49.56,2.0301,-0.44863,2.8848,0.53582,-0.20343,-0.45352
104.4,49.443,2.0123,-0.040805,2.9238,-0.58696,-0.39048,0.71918
104.5,49.326,1.9946,-0.16618,2.9244,0.18045,-0.0053402,-0.49156
104.6,49.209,1.9768,-0.32279,2.8758,0.2254,0.48627,-0.028788
104.7,49.092,1.959,-0.26727,2.867,-0.079915,0.08714,0.19556
104.8,48.976,1.9413,-0.47533,2.836,0.29946,0.31016,-0.243
104.9,48.859,1.9235,-0.047827,2.7817,-0.61528,0.54366,0.58593
105,48.742,1.9058,-0.49333,2.7289,0.64119,0.52791,-0.80482
105.1,48.625,1.888,-0.35325,2.7328,-0.2016,-0.039386,0.53984
105.2,48.508,1.8702,-0.41635,2.7438,0.090815,-0.1101,-0.1873
105.3,48.391,1.8525,-0.027227,2.7067,-0.56005,0.37128,0.4169
105.4,48.274,1.8347,-0.35114,2.7374,0.46619,-0.30678,-0.65735
105.5,48.157,1.817,-0.1057,2.7866,-0.35325,-0.49274,0.52489
105.6,48.04,1.7992,-0.40792,2.7467,0.43497,0.39896,-0.50489
105.7,47.923,1.7814,-0.2656,2.6917,-0.20482,0.55031,0.40981
105.8,47.806,1.7637,-0.37353,2.6955,0.15533,-0.038287,-0.2307
105.9,47.69,1.7459,-0.16148,2.6544,-0.30519,0.41176,0.29499
106,47.573,1.7282,-0.18177,2.6165,0.029203,0.37877,-0.21419
106.1,47.456,1.7104,-0.27167,2.581,0.12939,0.3547,-0.064176
106.2,47.339,1.6926,-0.095553,2.6109,-0.25348,-0.2992,0.24525
106.3,47.222,1.6749,-0.28715,2.617,0.27576,-0.060399,-0.339
106.4,47.105,1.6571,-0.046194,2.6008,-0.3468,0.16183,0.39877
106.5,46.988,1.6394,-0.23368,2.5639,0.26984,0.36856,-0.39498
106.6,46.871,1.6216,-0.40764,2.622,0.25036,-0.58041,0.012478
106.7,46.754,1.6038,-0.44277,2.6441,0.05057,-0.22144,0.12798
106.8,46.637,1.5861,-0.13101,2.6575,-0.4487,-0.1342,0.3198
106.9,46.52,1.5683,-0.19287,2.6563,0.089031,0.012432,-0.34444
107,46.403,1.5506,-0.48986,2.6523,0.42744,0.039939,-0.21676
107.1,46.287,1.5328,-0.37343,2.6929,-0.16757,-0.40575,0.38112
107.2,46.17,1.515,-0.3095,2.751,-0.092014,-0.58131,-0.048394
107.3,46.053,1.4973,-0.34114,2.795,0.045541,-0.43943,-0.088109
107.4,45.936,1.4795,-0.024763,2.8311,-0.45535,-0.36136,0.32084
107.5,45.819,1.4618,-0.38013,2.7902,0.51146,0.409,-0.61928
107.6,45.702,1.444,-0.12497,2.7904,-0.36723,-0.0021392,0.56284
107.7,45.585,1.4262,-0.12273,2.7637,-0.0032313,0.26685,-0.23316
107.8,45.468,1.4085,-0.18598,2.7492,0.091039,0.14564,-0.060384
107.9,45.351,1.3907,-0.34962,2.7784,0.23552,-0.29211,-0.092543
108,45.234,1.373,-0.4328,2.7223,0.11971,0.56094,0.074179
108.1,45.117,1.3552,-0.11914,2.6657,-0.45142,0.56577,0.36583
108.2,45,1.3374,-0.39572,2.6474,0.39806,0.18296,-0.54413
108.3,44.884,1.3197,-0.18458,2.6082,-0.30387,0.39185,0.44962
108.4,44.767,1.3019,-0.057559,2.5878,-0.18282,0.20408,-0.077539
108.5,44.65,1.2841,-0.25455,2.5426,0.28352,0.45175,-0.29871
108.6,44.533,1.2664,-0.025817,2.5857,-0.3292,-0.43112,0.39247
108.7,44.416,1.2486,-0.44307,2.5899,0.60054,-0.041156,-0.59553
108.8,44.299,1.2309,-0.040718,2.5914,-0.57909,-0.015504,0.7556
108.9,44.182,1.2131,-0.28679,2.5582,0.35417,0.33207,-0.59779
109,44.065,1.1953,-0.3895,2.5774,0.14782,-0.19178,0.13217
109.1,43.948,1.1776,-0.35152,2.5948,-0.054661,-0.17443,0.1297
109.2,43.831,1.1598,-0.18435,2.6358,-0.24061,-0.40966,0.1191
109.3,43.714,1.1421,-0.31359,2.6766,0.18601,-0.40759,-0.27327
109.4,43.598,1.1243,-0.43004,2.6925,0.1676,-0.15907,0.011797
109.5,43.481,1.1065,-0.2944,2.708,-0.19521,-0.15573,0.23239
109.6,43.364,1.0888,-0.24229,2.704,-0.07501,0.039918,-0.076994
109.7,43.247,1.071,-0.083473,2.6545,-0.22857,0.49566,0.098361
109.8,43.13,1.0533,-0.43082,2.7053,0.49992,-0.50849,-0.46662
109.9,43.013,1.0355,-0.36863,2.7611,-0.0895,-0.55811,0.37754
110,42.896,1.0177,-0.41,2.7649,0.059535,-0.037723,-0.095463
110.1,42.697,1.0329,-0.42113,2.7804,0.01602,-0.15449,0.027873
110.2,42.497,1.0481,-0.14738,2.8708,-0.394,-0.90431,0.26263
110.3,42.298,1.0633,-0.11462,2.8558,-0.04715,0.14943,-0.22217
110.4,42.098,1.0785,-0.2618,2.9508,0.21183,-0.94942,-0.16589
110.5,41.899,1.0937,-0.11949,2.9071,-0.20482,0.43726,0.26688
110.6,41.699,1.1089,-0.21359,2.8816,0.13543,0.25443,-0.21794
110.7,41.5,1.1241,-0.31351,2.8806,0.14381,0.010554,-0.0053672
110.8,41.301,1.1393,-0.35732,2.7958,0.063051,0.84775,0.051729
110.9,41.101,1.1545,-0.42419,2.7153,0.096247,0.80518,-0.021263
111,40.902,1.1697,-0.25712,2.7282,-0.24046,-0.12899,0.21567
111.1,40.702,1.1849,-0.073867,2.7712,-0.26375,-0.43017,0.014917
111.2,40.503,1.2001,-0.28957,2.8068,0.31045,-0.35659,-0.36779
111.3,40.304,1.2153,-0.40853,2.7867,0.17122,0.20192,0.089178
111.4,40.104,1.2305,-0.065637,2.7124,-0.49351,0.7427,0.42579
111.5,39.905,1.2457,-0.26378,2.7575,0.28517,-0.45102,-0.49878
111.6,39.705,1.2609,-0.21433,2.8274,-0.071172,-0.69905,0.22825
111.7,39.506,1.2761,-0.15653,2.9271,-0.083182,-0.99665,0.0076932
111.8,39.306,1.2913,-0.1951,2.9431,0.055513,-0.16077,-0.08884
111.9,39.107,1.3065,-0.062943,2.893,-0.19021,0.50086,0.1574
112,38.908,1.3217,-0.32734,2.8196,0.38053,0.7349,-0.36558
112.1,38.708,1.3369,-0.35368,2.8789,0.037914,-0.59311,0.21946
112.2,38.509,1.352,-0.23398,2.8444,-0.17228,0.3443,0.13464
112.3,38.309,1.3672,-0.037067,2.9175,-0.28341,-0.73093,0.07118
112.4,38.11,1.3824,-0.3551,2.959,0.45772,-0.41484,-0.47472
112.5,37.91,1.3976,-0.10919,2.8865,-0.35392,0.72482,0.51989
112.6,37.711,1.4128,-0.036513,2.9113,-0.1046,-0.24777,-0.1597
112.7,37.512,1.428,-0.42757,2.8762,0.56283,0.35144,-0.42752
112.8,37.312,1.4432,-0.15459,2.9032,-0.39288,-0.27026,0.61217
112.9,37.113,1.4584,-0.29351,2.9779,0.19994,-0.74718,-0.37972
113,36.913,1.4736,-0.12144,2.8806,-0.24766,0.9731,0.2867
113.1,36.714,1.4888,-0.36261,2.8279,0.3471,0.52662,-0.38097
113.2,36.515,1.504,-0.41726,2.7981,0.078658,0.2987,0.17195
113.3,36.315,1.5192,-0.24185,2.8782,-0.25246,-0.80095,0.21209
113.4,36.116,1.5344,-0.10252,2.9669,-0.20053,-0.88731,-0.033262
113.5,35.916,1.5496,-0.26513,2.8896,0.23404,0.77336,-0.27836
113.6,35.717,1.5648,-0.1582,2.8493,-0.1539,0.40238,0.24849
113.7,35.517,1.58,-0.28277,2.8507,0.17929,-0.013363,-0.21342
113.8,35.318,1.5952,-0.37406,2.882,0.13138,-0.31365,0.030692
113.9,35.119,1.6104,-0.15626,2.8522,-0.31347,0.29797,0.28494
114,34.919,1.6256,-0.0009162,2.832,-0.22357,0.20255,-0.057582
114.1,34.72,1.6408,-0.25607,2.8122,0.36724,0.19759,-0.37844
114.2,34.52,1.656,-0.32939,2.9099,0.10551,-0.97684,0.16764
114.3,34.321,1.6712,-0.33581,2.9193,0.0092386,-0.093686,0.061668
114.4,34.121,1.6863,-0.097176,2.8956,-0.34345,0.23693,0.22591
114.5,33.922,1.7015,-0.34304,2.9269,0.35387,-0.31348,-0.44666
114.6,33.723,1.7167,-0.19512,2.8739,-0.21289,0.53052,0.36303
114.7,33.523,1.7319,-0.012133,2.9054,-0.26337,-0.31556,0.032333
114.8,33.324,1.7471,-0.38036,3.0012,0.52997,-0.95747,-0.50816
114.9,33.124,1.7623,-0.36847,2.9249,-0.017111,0.76259,0.35043
115,32.925,1.7775,-0.045972,2.9809,-0.46415,-0.56014,0.28635
115.1,32.726,1.7927,-0.0068314,2.8921,-0.056334,0.88799,-0.26122
115.2,32.526,1.8079,-0.25219,2.9013,0.35313,-0.091364,-0.26228
115.3,32.327,1.8231,-0.059963,2.9127,-0.27666,-0.11467,0.40341
115.4,32.127,1.8383,-0.18166,2.9214,0.17515,-0.087214,-0.2894
115.5,31.928,1.8535,-0.15413,2.8379,-0.03962,0.83543,0.13757
115.6,31.728,1.8687,-0.00036499,2.8698,-0.22131,-0.3188,0.11638
115.7,31.529,1.8839,-0.061202,2.9097,0.08756,-0.39881,-0.19784
115.8,31.33,1.8991,-0.04569,2.9333,-0.022326,-0.23634,0.070386
115.9,31.13,1.9143,-0.19682,2.9028,0.21752,0.30495,-0.15363
116,30.931,1.9295,-0.22087,2.8498,0.034612,0.52986,0.11716
116.1,30.731,1.9447,-0.14087,2.8728,-0.11514,-0.22945,0.095923
116.2,30.532,1.9599,-0.075279,2.8451,-0.094403,0.27629,-0.013284
116.3,30.332,1.9751,-0.20604,2.9182,0.1882,-0.73067,-0.18102
116.4,30.133,1.9903,-0.22844,2.8881,0.03224,0.30127,0.099901
116.5,29.934,2.0055,-0.017231,2.9354,-0.30399,-0.47371,0.21537
116.6,29.734,2.0207,-0.046461,3.0231,0.04207,-0.87673,-0.22166
116.7,29.535,2.0358,-0.18858,2.969,0.20455,0.54104,-0.10407
116.8,29.335,2.051,-0.06741,2.9696,-0.1744,-0.0055237,0.24273
116.9,29.136,2.0662,-0.17175,2.8902,0.15017,0.79324,-0.2079
117,28.936,2.0814,-0.15671,2.9767,-0.021654,-0.86445,0.11006
117.1,28.737,2.0966,-0.24954,2.9805,0.13361,-0.038281,-0.099453
117.2,28.538,2.1118,-0.15664,2.9509,-0.13371,0.29572,0.17123
117.3,28.338,2.127,-0.2109,3.0282,0.078103,-0.77236,-0.13567
117.4,28.139,2.1422,-0.23706,2.9398,0.037641,0.88367,0.025917
117.5,27.939,2.1574,-0.053906,2.8481,-0.2636,0.91762,0.19296
117.6,27.74,2.1726,-0.058224,2.8151,0.0062153,0.32952,-0.17283
117.7,27.541,2.1878,-0.11378,2.7469,0.079961,0.68158,-0.047237
117.8,27.341,2.203,-0.11894,2.6814,0.0074177,0.65589,0.046467
117.9,27.142,2.2182,-0.25273,2.7063,0.19256,-0.24909,-0.11859
118,26.942,2.2334,-0.12745,2.783,-0.1803,-0.76736,0.23883
118.1,26.743,2.2486,-0.23724,2.8242,0.15801,-0.4117,-0.2167
118.2,26.543,2.2638,-0.22332,2.7651,-0.020032,0.5905,0.11405
118.3,26.344,2.279,-0.070449,2.7139,-0.22002,0.51186,0.1281
118.4,26.145,2.2942,-0.10974,2.808,0.056556,-0.94071,-0.17716
118.5,25.945,2.3094,-0.10136,2.878,-0.012063,-0.69986,0.043953
118.6,25.746,2.3246,-0.11293,2.8902,0.016648,-0.1216,-0.01839
118.7,25.546,2.3398,-0.18387,2.8902,0.10211,-0.00054647,-0.054741
118.8,25.347,2.355,-0.071745,2.8219,-0.16138,0.68271,0.16878
118.9,25.147,2.3701,-0.0025155,2.8068,-0.099639,0.15102,-0.03955
119,24.948,2.3853,-0.12722,2.8962,0.17949,-0.89353,-0.17879
119.1,24.749,2.4005,-0.057008,2.874,-0.10106,0.22202,0.1797
119.2,24.549,2.4157,-0.069412,2.9364,0.017852,-0.62385,-0.076166
119.3,24.35,2.4309,-0.086296,2.9185,0.0243,0.17912,-0.0041305
119.4,24.15,2.4461,-0.13373,2.9257,0.068269,-0.072363,-0.028164
119.5,23.951,2.4613,-0.13517,3.006,0.0020668,-0.8033,0.042405
119.6,23.752,2.4765,-0.0090422,2.9433,-0.18152,0.62704,0.1176
119.7,23.552,2.4917,-0.10537,2.9406,0.13864,0.026964,-0.20508
119.8,23.353,2.5069,-0.057474,2.9116,-0.068938,0.29006,0.13296
119.9,23.153,2.5221,-0.10405,2.9195,0.06704,-0.078677,-0.087099
120,22.954,2.5373,-0.056812,2.9098,-0.067993,0.09706,0.086494
120.1,22.9,2.7051,-0.0038464,2.9184,-0.07623,-0.085968,0.0052762
120.2,22.845,2.873,-0.090144,2.9407,0.1242,-0.22325,-0.12839
120.3,22.791,3.0408,-0.10428,2.9483,0.020347,-0.076411,0.066525
120.4,22.737,3.2086,-0.091406,2.9541,-0.018531,-0.057506,0.024902
120.5,22.682,3.3764,-0.09441,2.9475,0.0043245,0.06617,-0.01464
120.6,22.628,3.5443,-0.011407,2.9337,-0.11946,0.13783,0.079291
120.7,22.574,3.7121,-0.018709,2.9157,0.010509,0.1803,-0.083253
120.8,22.519,3.8799,-0.080866,2.9226,0.08946,-0.068952,-0.050571
120.9,22.465,4.0478,-0.040635,2.9066,-0.057903,0.15925,0.094392
121,22.411,4.2156,-0.08615,2.8848,0.065508,0.21815,-0.07905
121.1,22.357,4.3834,-0.0093467,2.9091,-0.11054,-0.24315,0.11277
121.2,22.302,4.5513,-0.031494,2.9237,0.031876,-0.14591,-0.091223
121.3,22.248,4.7191,-0.07757,2.9418,0.066315,-0.18122,-0.022059
121.4,22.194,4.8869,-0.067939,2.9487,-0.013861,-0.068683,0.051356
121.5,22.139,5.0547,-0.051697,2.9724,-0.023377,-0.23699,0.006095
121.6,22.085,5.2226,-0.053198,2.9658,0.0021611,0.066625,-0.016358
121.7,22.031,5.3904,-0.042029,2.94,-0.016076,0.25702,0.011682
121.8,21.976,5.5582,-0.060923,2.931,0.027194,0.090042,-0.027716
121.9,21.922,5.7261,-0.079306,2.9469,0.026457,-0.15827,0.0004722
122,21.868,5.8939,-0.022443,2.955,-0.08184,-0.081553,0.069368
122.1,21.814,6.0617,-0.10119,2.9284,0.11333,0.26599,-0.12502
122.2,21.759,6.2295,-0.087536,2.9417,-0.019649,-0.13228,0.085182
122.3,21.705,6.3974,-0.071438,2.9173,-0.02317,0.24401,0.0022553
122.4,21.651,6.5652,-0.025077,2.9133,-0.066725,0.039145,0.027899
122.5,21.596,6.733,-0.012219,2.934,-0.018506,-0.20621,-0.030886
122.6,21.542,6.9009,-0.040603,2.9388,0.040852,-0.048644,-0.038022
122.7,21.488,7.0687,-0.097625,2.9596,0.082068,-0.20734,-0.0264
122.8,21.433,7.2365,-0.051926,2.9411,-0.065772,0.1845,0.094698
122.9,21.379,7.4044,-0.0509,2.9202,-0.001477,0.20907,-0.041184
123,21.325,7.5722,-0.052653,2.9449,0.0025237,-0.2467,-0.0025626
123.1,21.271,7.74,-0.074587,2.962,0.031569,-0.17135,-0.018605
123.2,21.216,7.9078,-0.05539,2.9864,-0.02763,-0.2441,0.03792
123.3,21.162,8.0757,-0.068049,2.9761,0.01822,0.10286,-0.029369
123.4,21.108,8.2435,-0.070004,2.9928,0.0028137,-0.16658,0.0098684
123.5,21.053,8.4113,-0.032124,2.9909,-0.054519,0.019116,0.036724
123.6,20.999,8.5792,-0.074497,2.9797,0.060986,0.11196,-0.073986
123.7,20.945,8.747,-0.0071066,2.9913,-0.096992,-0.11575,0.10119
123.8,20.89,8.9148,-0.014742,2.9646,0.010989,0.26671,-0.069166
123.9,20.836,9.0826,-0.048763,2.9709,0.048965,-0.063519,-0.024326
124,20.782,9.2505,-0.091308,2.9645,0.061232,0.064237,-0.0078575
124.1,20.728,9.4183,-0.069085,2.9845,-0.031984,-0.1998,0.059709
124.2,20.673,9.5861,-0.091553,2.9775,0.032337,0.069648,-0.0412
124.3,20.619,9.754,-0.065574,2.9523,-0.03739,0.25263,0.044663
124.4,20.565,9.9218,-0.059594,2.9302,-0.0086071,0.22017,-0.018436
124.5,20.51,10.09,-0.072933,2.9366,0.019198,-0.063793,-0.017811
124.6,20.456,10.257,-0.0697,2.9361,-0.0046531,0.0053678,0.015278
124.7,20.402,10.425,-0.047617,2.9232,-0.031783,0.1289,0.017378
124.8,20.347,10.593,-0.077239,2.9257,0.042634,-0.025384,-0.047667
124.9,20.293,10.761,-0.0079888,2.9349,-0.099668,-0.091608,0.09115
125,20.239,10.929,-0.014846,2.9498,0.0098697,-0.14913,-0.070163
125.1,20.185,11.097,-0.0043725,2.9616,-0.015075,-0.11784,0.015978
125.2,20.13,11.264,-0.036357,2.947,0.046034,0.14573,-0.039143
125.3,20.076,11.432,-0.091268,2.9468,0.07903,0.0022416,-0.021135
125.4,20.022,11.6,-0.05936,2.9711,-0.045924,-0.24348,0.080038
125.5,19.967,11.768,-0.012535,2.9824,-0.067393,-0.11224,0.013751
125.6,19.913,11.936,-0.036885,3.004,0.035046,-0.21658,-0.065616
125.7,19.859,12.104,-0.093762,2.9816,0.081859,0.22382,-0.029985
125.8,19.805,12.271,-0.046208,2.9767,-0.068442,0.04929,0.096274
125.9,19.75,12.439,-0.012869,2.9606,-0.047983,0.16167,-0.013105
126,19.696,12.607,-0.042745,2.9829,0.042999,-0.22312,-0.058277
126.1,19.642,12.775,-0.007128,2.9579,-0.051262,0.24958,0.060378
126.2,19.587,12.943,-0.0088627,2.9486,0.0024966,0.092863,-0.034434
126.3,19.533,13.111,-0.0071313,2.9499,-0.0024919,-0.013261,0.0031954
126.4,19.479,13.278,-0.030194,2.9578,0.033193,-0.078051,-0.022858
126.5,19.424,13.446,-0.055784,2.9592,0.036831,-0.014217,-0.0023301
126.6,19.37,13.614,-0.023639,2.9536,-0.046265,0.055805,0.053226
126.7,19.316,13.782,-0.038192,2.9448,0.020945,0.08782,-0.043051
126.8,19.262,13.95,-0.052927,2.9669,0.021207,-0.22067,-0.00016829
126.9,19.207,14.118,-0.086372,2.9409,0.048137,0.25942,-0.017249
127,19.153,14.285,-0.00045216,2.9175,-0.12366,0.23391,0.11004
127.1,19.099,14.453,-0.035036,2.9103,0.049775,0.072399,-0.11109
127.2,19.044,14.621,-0.0068047,2.907,-0.040632,0.033304,0.05791
127.3,18.99,14.789,-0.093842,2.9183,0.12527,-0.11371,-0.10627
127.4,18.936,14.957,-0.07752,2.9414,-0.023492,-0.2301,0.095287
127.5,18.881,15.125,-0.073941,2.9453,-0.0051508,-0.039907,-0.011748
127.6,18.827,15.292,-0.085308,2.9417,0.016359,0.036843,-0.013778
127.7,18.773,15.46,-0.097492,2.9417,0.017537,-0.00074796,-0.0007543
127.8,18.719,15.628,-0.093721,2.9366,-0.0054285,0.05114,0.01471
127.9,18.664,15.796,-0.050003,2.9291,-0.062921,0.075226,0.036826
128,18.61,15.964,-0.062337,2.9159,0.017751,0.13206,-0.051674
128.1,18.556,16.131,-0.02502,2.9369,-0.053708,-0.21043,0.045773
128.2,18.501,16.299,-0.043803,2.9113,0.027034,0.25596,-0.051719
128.3,18.447,16.467,-0.090187,2.9119,0.066759,-0.0060504,-0.025446
128.4,18.393,16.635,-0.039569,2.9372,-0.072852,-0.25277,0.089427
128.5,18.338,16.803,-0.029078,2.9268,-0.0151,0.10375,-0.036993
128.6,18.284,16.971,-0.0072352,2.9142,-0.031437,0.12609,0.010465
128.7,18.23,17.138,-0.081185,2.9337,0.10643,-0.1949,-0.088311
128.8,18.176,17.306,-0.093271,2.9154,0.017395,0.18365,0.057032
128.9,18.121,17.474,-0.054965,2.9162,-0.055131,-0.0080197,0.046456
129,18.067,17.642,-0.041848,2.9332,-0.018879,-0.17017,-0.023221
129.1,18.013,17.81,-0.035358,2.9596,-0.0093404,-0.26452,-0.0061097
129.2,17.958,17.978,-0.075328,2.9602,0.057526,-0.0058955,-0.042831
129.3,17.904,18.145,-0.047745,2.9795,-0.039699,-0.19252,0.062277
129.4,17.85,18.313,-0.006061,2.9636,-0.059994,0.15864,0.012999
129.5,17.795,18.481,-0.090201,2.9792,0.1211,-0.15608,-0.116
129.6,17.741,18.649,-0.027672,2.9859,-0.089995,-0.067108,0.13521
129.7,17.687,18.817,-0.062889,2.9823,0.050687,0.03631,-0.090113
129.8,17.633,18.985,0,2.9746,-0.090513,0.077289,0.090444
129.9,17.578,19.152,0,3,0,-0.25429,-0.057977
